Qualification,Board,Syllabus code,Applicable exam years,Official source,Topic,Subtopic,0580 tier,Explanation/study guide,Revision notes,Practice,Worked answers,Diagnostic/self-check,Outcomes with keyword evidence,Status,Gaps
Cambridge IGCSE,Cambridge,0580,2025-2027,https://www.cambridgeinternational.org/Images/662466-2025-2027-syllabus.pdf,1 Number,1.1 Types of number,Core and Extended,igcse-mathematics-number,igcse-mathematics-number-revision-notes,igcse-mathematics-number-practice,yes,self-check bank (from practice file),Core 9/9; Extended 9/9,Present but not yet reviewed,study guide mapped at topic level only; revision notes mapped at topic level only; practice mapped at topic level only; not in a 10-min diagnostic
Cambridge IGCSE,Cambridge,0580,2025-2027,https://www.cambridgeinternational.org/Images/662466-2025-2027-syllabus.pdf,1 Number,1.2 Sets,Core and Extended,igcse-mathematics-number,igcse-mathematics-number-revision-notes,igcse-mathematics-number-practice,yes,self-check bank (from practice file),Core 0/1; Extended 0/1,Present but not yet reviewed,"study guide mapped at topic level only; revision notes mapped at topic level only; practice mapped at topic level only; not in a 10-min diagnostic; no keyword evidence: C1.2 1 ""Understand and use set language, notation and…"" (gap: sets appear only in the study guide's syllabus list, with no teaching of set notation or Venn diagrams on the mapped Number pages), E1.2 1 ""Understand and use set language, notation and…"" (gap: sets appear only in the study guide's syllabus list, with no teaching of set notation or Venn diagrams on the mapped Number pages); igcse-mathematics-number covers Core only (states Extended additions are not covered); topic-level page(s) with no keyword evidence of their own for this subtopic, even at the looser 50% level: igcse-mathematics-number-practice, igcse-mathematics-number-revision-notes, igcse-mathematics-number"
Cambridge IGCSE,Cambridge,0580,2025-2027,https://www.cambridgeinternational.org/Images/662466-2025-2027-syllabus.pdf,1 Number,1.3 Powers and roots,Core and Extended,igcse-mathematics-number,igcse-mathematics-number-revision-notes,igcse-mathematics-number-practice,yes,self-check bank (from practice file),Core 5/5; Extended 5/5,Present but not yet reviewed,"study guide mapped at topic level only; revision notes mapped at topic level only; practice mapped at topic level only; not in a 10-min diagnostic; topic-level page(s) with no keyword evidence of their own for this subtopic, even at the looser 50% level: igcse-mathematics-number-practice"
Cambridge IGCSE,Cambridge,0580,2025-2027,https://www.cambridgeinternational.org/Images/662466-2025-2027-syllabus.pdf,1 Number,"1.4 Fractions, decimals and percentages",Core and Extended,igcse-mathematics-number,igcse-mathematics-number-revision-notes,igcse-mathematics-number-practice,yes,self-check bank (from practice file),Core 0/2; Extended 0/2,Present but not yet reviewed,"study guide mapped at topic level only; revision notes mapped at topic level only; practice mapped at topic level only; not in a 10-min diagnostic; no keyword evidence: E1.4 1 ""Use the language and notation of the…"" (partial: proper/improper fractions and mixed numbers mentioned in a tip and the syllabus list only), E1.4 2 ""Recognise equivalence and convert between these forms"" (gap: converting between fractions, decimals and percentages not taught on the mapped pages)"
Cambridge IGCSE,Cambridge,0580,2025-2027,https://www.cambridgeinternational.org/Images/662466-2025-2027-syllabus.pdf,1 Number,1.5 Ordering,Core and Extended,igcse-mathematics-number,igcse-mathematics-number-revision-notes,igcse-mathematics-number-practice,yes,self-check bank (from practice file),Core 0/1; Extended 0/1,Present but not yet reviewed,"study guide mapped at topic level only; revision notes mapped at topic level only; practice mapped at topic level only; not in a 10-min diagnostic; no keyword evidence: E1.5 1 ""Order quantities by magnitude and demonstrate familiarity…"" (gap: ordering and inequality symbols not taught on the mapped pages); topic-level page(s) with no keyword evidence of their own for this subtopic, even at the looser 50% level: igcse-mathematics-number-practice, igcse-mathematics-number"
Cambridge IGCSE,Cambridge,0580,2025-2027,https://www.cambridgeinternational.org/Images/662466-2025-2027-syllabus.pdf,1 Number,1.6 The four operations,Core and Extended,igcse-mathematics-number,igcse-mathematics-number-revision-notes,igcse-mathematics-number-practice,yes,self-check bank (from practice file),Core 1/1; Extended 1/1,Present but not yet reviewed,study guide mapped at topic level only; revision notes mapped at topic level only; practice mapped at topic level only; not in a 10-min diagnostic
Cambridge IGCSE,Cambridge,0580,2025-2027,https://www.cambridgeinternational.org/Images/662466-2025-2027-syllabus.pdf,1 Number,1.7 Indices I,Core and Extended,igcse-mathematics-number,igcse-mathematics-number-revision-notes,igcse-mathematics-number-practice,yes,self-check bank (from practice file),Core 2/2; Extended 2/2,Present but not yet reviewed,study guide mapped at topic level only; revision notes mapped at topic level only; practice mapped at topic level only; not in a 10-min diagnostic; igcse-mathematics-number covers Core only (states Extended additions are not covered)
Cambridge IGCSE,Cambridge,0580,2025-2027,https://www.cambridgeinternational.org/Images/662466-2025-2027-syllabus.pdf,1 Number,1.8 Standard form,Core and Extended,igcse-mathematics-number,igcse-mathematics-number-revision-notes,igcse-mathematics-number-practice,yes,10-min diagnostic: core; self-check bank (from practice file),Core 3/3; Extended 3/3,Present but not yet reviewed,study guide mapped at topic level only; revision notes mapped at topic level only; practice mapped at topic level only
Cambridge IGCSE,Cambridge,0580,2025-2027,https://www.cambridgeinternational.org/Images/662466-2025-2027-syllabus.pdf,1 Number,1.9 Estimation,Core and Extended,igcse-mathematics-number,igcse-mathematics-number-revision-notes,igcse-mathematics-number-practice,yes,10-min diagnostic: core; self-check bank (from practice file),Core 3/3; Extended 3/3,Present but not yet reviewed,study guide mapped at topic level only; revision notes mapped at topic level only; practice mapped at topic level only
Cambridge IGCSE,Cambridge,0580,2025-2027,https://www.cambridgeinternational.org/Images/662466-2025-2027-syllabus.pdf,1 Number,1.10 Limits of accuracy,Core and Extended,igcse-mathematics-number,igcse-mathematics-number-revision-notes,igcse-mathematics-number-practice,yes,self-check bank (from practice file),Core 1/1; Extended 2/2,Present but not yet reviewed,study guide mapped at topic level only; revision notes mapped at topic level only; practice mapped at topic level only; not in a 10-min diagnostic; igcse-mathematics-number covers Core only (states Extended additions are not covered)
Cambridge IGCSE,Cambridge,0580,2025-2027,https://www.cambridgeinternational.org/Images/662466-2025-2027-syllabus.pdf,1 Number,1.11 Ratio and proportion,Core and Extended,igcse-mathematics-number,igcse-mathematics-number-revision-notes,igcse-mathematics-number-practice,yes,self-check bank (from practice file),Core 3/3; Extended 3/3,Present but not yet reviewed,study guide mapped at topic level only; revision notes mapped at topic level only; practice mapped at topic level only; not in a 10-min diagnostic
Cambridge IGCSE,Cambridge,0580,2025-2027,https://www.cambridgeinternational.org/Images/662466-2025-2027-syllabus.pdf,1 Number,1.12 Rates,Core and Extended,igcse-mathematics-number,igcse-mathematics-number-revision-notes,igcse-mathematics-number-practice,yes,self-check bank (from practice file),Core 2/3; Extended 2/3,Present but not yet reviewed,"study guide mapped at topic level only; revision notes mapped at topic level only; practice mapped at topic level only; not in a 10-min diagnostic; no keyword evidence: E1.12 3 ""Solve problems involving average speed"" (partial: only a speed unit-conversion question, no average-speed problem)"
Cambridge IGCSE,Cambridge,0580,2025-2027,https://www.cambridgeinternational.org/Images/662466-2025-2027-syllabus.pdf,1 Number,1.13 Percentages,Core and Extended,igcse-mathematics-number,igcse-mathematics-number-revision-notes,igcse-mathematics-number-practice,yes,self-check bank (from practice file),Core 4/4; Extended 5/5,Present but not yet reviewed,study guide mapped at topic level only; revision notes mapped at topic level only; practice mapped at topic level only; not in a 10-min diagnostic; igcse-mathematics-number covers Core only (states Extended additions are not covered)
Cambridge IGCSE,Cambridge,0580,2025-2027,https://www.cambridgeinternational.org/Images/662466-2025-2027-syllabus.pdf,1 Number,1.14 Using a calculator,Core and Extended,igcse-mathematics-number,igcse-mathematics-number-revision-notes,igcse-mathematics-number-practice,yes,self-check bank (from practice file),Core 1/3; Extended 1/3,Present but not yet reviewed,"study guide mapped at topic level only; revision notes mapped at topic level only; practice mapped at topic level only; not in a 10-min diagnostic; no keyword evidence: E1.14 2 ""Enter values appropriately on a calculator"" (gap: calculator entry not covered), E1.14 3 ""Interpret the calculator display appropriately"" (gap: interpreting the calculator display not covered)"
Cambridge IGCSE,Cambridge,0580,2025-2027,https://www.cambridgeinternational.org/Images/662466-2025-2027-syllabus.pdf,1 Number,1.15 Time,Core and Extended,igcse-mathematics-number,igcse-mathematics-number-revision-notes,igcse-mathematics-number-practice,yes,self-check bank (from practice file),Core 1/3; Extended 1/3,Present but not yet reviewed,"study guide mapped at topic level only; revision notes mapped at topic level only; practice mapped at topic level only; not in a 10-min diagnostic; no keyword evidence: E1.15 1 ""Calculate with time: seconds (s), minutes (min)…"" (gap: time calculations appear only in the syllabus list), E1.15 3 ""Read clocks and timetables"" (gap: clocks and timetables not covered); topic-level page(s) with no keyword evidence of their own for this subtopic, even at the looser 50% level: igcse-mathematics-number-practice"
Cambridge IGCSE,Cambridge,0580,2025-2027,https://www.cambridgeinternational.org/Images/662466-2025-2027-syllabus.pdf,1 Number,1.16 Money,Core and Extended,igcse-mathematics-number,igcse-mathematics-number-revision-notes,igcse-mathematics-number-practice,yes,self-check bank (from practice file),Core 0/2; Extended 0/2,Present but not yet reviewed,"study guide mapped at topic level only; revision notes mapped at topic level only; practice mapped at topic level only; not in a 10-min diagnostic; no keyword evidence: E1.16 1 ""Calculate with money"" (method miss: questions use money amounts ($), the word ""money"" is not used), E1.16 2 ""Convert from one currency to another"" (gap: currency conversion not found); topic-level page(s) with no keyword evidence of their own for this subtopic, even at the looser 50% level: igcse-mathematics-number-practice, igcse-mathematics-number-revision-notes"
Cambridge IGCSE,Cambridge,0580,2025-2027,https://www.cambridgeinternational.org/Images/662466-2025-2027-syllabus.pdf,1 Number,1.17 Exponential growth and decay,Extended only,,igcse-mathematics-number-revision-notes,igcse-mathematics-number-extended-practice; igcse-mathematics-number-practice,yes,10-min diagnostic: extended; self-check bank (from practice file),Extended 0/1,Present but not yet reviewed,"no study guide; revision notes mapped at topic level only; no keyword evidence: E1.17 1 ""Use exponential growth and decay"" (method miss: depreciation and population-growth questions (Extended practice Q1-3), the word ""exponential"" is only in the description); igcse-mathematics-number is mapped to this topic but states it covers Core only (not counted here); topic-level page(s) with no keyword evidence of their own for this subtopic, even at the looser 50% level: igcse-mathematics-number-practice, igcse-mathematics-number-revision-notes"
Cambridge IGCSE,Cambridge,0580,2025-2027,https://www.cambridgeinternational.org/Images/662466-2025-2027-syllabus.pdf,1 Number,1.18 Surds,Extended only,,igcse-mathematics-number-revision-notes,igcse-mathematics-number-extended-practice; igcse-mathematics-number-practice,yes,self-check bank (from practice file),Extended 1/2,Present but not yet reviewed,"no study guide; revision notes mapped at topic level only; not in a 10-min diagnostic; no keyword evidence: E1.18 1 ""Understand and use surds, including simplifying expressions"" (method miss: simplifying surds and rationalising denominators are practised); igcse-mathematics-number is mapped to this topic but states it covers Core only (not counted here); topic-level page(s) with no keyword evidence of their own for this subtopic, even at the looser 50% level: igcse-mathematics-number-practice"
Cambridge IGCSE,Cambridge,0580,2025-2027,https://www.cambridgeinternational.org/Images/662466-2025-2027-syllabus.pdf,2 Algebra and graphs,2.1 Introduction to algebra,Core and Extended,igcse-mathematics-algebra-and-graphs,igcse-mathematics-algebra-and-graphs-revision-notes,igcse-mathematics-algebra-and-graphs-practice,yes,self-check bank (from practice file),Core 1/2; Extended 1/2,Present but not yet reviewed,"study guide mapped at topic level only; revision notes mapped at topic level only; practice mapped at topic level only; not in a 10-min diagnostic; no keyword evidence: E2.1 1 ""Know that letters can be used to…"" (partial: letters used throughout, the idea is not stated explicitly)"
Cambridge IGCSE,Cambridge,0580,2025-2027,https://www.cambridgeinternational.org/Images/662466-2025-2027-syllabus.pdf,2 Algebra and graphs,2.2 Algebraic manipulation,Core and Extended,igcse-mathematics-algebra-and-graphs,igcse-mathematics-algebra-and-graphs-revision-notes,igcse-mathematics-algebra-and-graphs-practice,yes,self-check bank (from practice file),Core 3/3; Extended 5/5,Present but not yet reviewed,study guide mapped at topic level only; revision notes mapped at topic level only; practice mapped at topic level only; not in a 10-min diagnostic
Cambridge IGCSE,Cambridge,0580,2025-2027,https://www.cambridgeinternational.org/Images/662466-2025-2027-syllabus.pdf,2 Algebra and graphs,2.3 Algebraic fractions,Extended only,igcse-mathematics-algebra-and-graphs,igcse-mathematics-algebra-and-graphs-revision-notes,igcse-mathematics-algebra-and-graphs-practice; igcse-mathematics-algebra-extended-practice,yes,10-min diagnostic: extended; self-check bank (from practice file),Extended 2/2,Present but not yet reviewed,study guide mapped at topic level only; revision notes mapped at topic level only
Cambridge IGCSE,Cambridge,0580,2025-2027,https://www.cambridgeinternational.org/Images/662466-2025-2027-syllabus.pdf,2 Algebra and graphs,2.4 Indices II,Core and Extended,igcse-mathematics-algebra-and-graphs,igcse-mathematics-algebra-and-graphs-revision-notes,igcse-mathematics-algebra-and-graphs-practice,yes,self-check bank (from practice file),Core 2/2; Extended 2/2,Present but not yet reviewed,study guide mapped at topic level only; revision notes mapped at topic level only; practice mapped at topic level only; not in a 10-min diagnostic
Cambridge IGCSE,Cambridge,0580,2025-2027,https://www.cambridgeinternational.org/Images/662466-2025-2027-syllabus.pdf,2 Algebra and graphs,2.5 Equations,Core and Extended,igcse-mathematics-algebra-and-graphs,igcse-mathematics-algebra-and-graphs-revision-notes,igcse-mathematics-algebra-and-graphs-practice,yes,10-min diagnostic: core; self-check bank (from practice file),Core 4/4; Extended 7/7,Present but not yet reviewed,study guide mapped at topic level only; revision notes mapped at topic level only; practice mapped at topic level only
Cambridge IGCSE,Cambridge,0580,2025-2027,https://www.cambridgeinternational.org/Images/662466-2025-2027-syllabus.pdf,2 Algebra and graphs,2.6 Inequalities,Core and Extended,igcse-mathematics-algebra-and-graphs,igcse-mathematics-algebra-and-graphs-revision-notes,igcse-mathematics-algebra-and-graphs-practice,yes,self-check bank (from practice file),Core 1/1; Extended 4/4,Present but not yet reviewed,study guide mapped at topic level only; revision notes mapped at topic level only; practice mapped at topic level only; not in a 10-min diagnostic
Cambridge IGCSE,Cambridge,0580,2025-2027,https://www.cambridgeinternational.org/Images/662466-2025-2027-syllabus.pdf,2 Algebra and graphs,2.7 Sequences,Core and Extended,igcse-mathematics-algebra-and-graphs,igcse-mathematics-algebra-and-graphs-revision-notes,igcse-mathematics-algebra-and-graphs-practice,yes,self-check bank (from practice file),Core 3/3; Extended 3/3,Present but not yet reviewed,study guide mapped at topic level only; revision notes mapped at topic level only; practice mapped at topic level only; not in a 10-min diagnostic
Cambridge IGCSE,Cambridge,0580,2025-2027,https://www.cambridgeinternational.org/Images/662466-2025-2027-syllabus.pdf,2 Algebra and graphs,2.8 Proportion,Extended only,igcse-mathematics-algebra-and-graphs,igcse-mathematics-algebra-and-graphs-revision-notes,igcse-mathematics-algebra-and-graphs-practice; igcse-mathematics-algebra-extended-practice,yes,self-check bank (from practice file),Extended 1/1,Present but not yet reviewed,study guide mapped at topic level only; revision notes mapped at topic level only; not in a 10-min diagnostic
Cambridge IGCSE,Cambridge,0580,2025-2027,https://www.cambridgeinternational.org/Images/662466-2025-2027-syllabus.pdf,2 Algebra and graphs,2.9 Graphs in practical situations,Core and Extended,igcse-mathematics-algebra-and-graphs,igcse-mathematics-algebra-and-graphs-revision-notes,igcse-mathematics-algebra-and-graphs-practice,yes,self-check bank (from practice file),Core 2/2; Extended 4/4,Present but not yet reviewed,study guide mapped at topic level only; revision notes mapped at topic level only; practice mapped at topic level only; not in a 10-min diagnostic
Cambridge IGCSE,Cambridge,0580,2025-2027,https://www.cambridgeinternational.org/Images/662466-2025-2027-syllabus.pdf,2 Algebra and graphs,2.10 Graphs of functions,Core and Extended,igcse-mathematics-algebra-and-graphs,igcse-mathematics-algebra-and-graphs-revision-notes,igcse-mathematics-algebra-and-graphs-practice,yes,self-check bank (from practice file),Core 2/2; Extended 3/3,Present but not yet reviewed,study guide mapped at topic level only; revision notes mapped at topic level only; practice mapped at topic level only; not in a 10-min diagnostic
Cambridge IGCSE,Cambridge,0580,2025-2027,https://www.cambridgeinternational.org/Images/662466-2025-2027-syllabus.pdf,2 Algebra and graphs,2.11 Sketching curves,Core and Extended,igcse-mathematics-algebra-and-graphs,igcse-mathematics-algebra-and-graphs-revision-notes,igcse-mathematics-algebra-and-graphs-practice,yes,self-check bank (from practice file),Core 1/1; Extended 1/1,Present but not yet reviewed,"study guide mapped at topic level only; revision notes mapped at topic level only; practice mapped at topic level only; not in a 10-min diagnostic; topic-level page(s) with no keyword evidence of their own for this subtopic, even at the looser 50% level: igcse-mathematics-algebra-and-graphs-practice"
Cambridge IGCSE,Cambridge,0580,2025-2027,https://www.cambridgeinternational.org/Images/662466-2025-2027-syllabus.pdf,2 Algebra and graphs,2.12 Differentiation,Extended only,igcse-mathematics-algebra-and-graphs,igcse-mathematics-algebra-and-graphs-revision-notes,igcse-mathematics-algebra-and-graphs-practice; igcse-mathematics-algebra-extended-practice,yes,self-check bank (from practice file),Extended 4/4,Present but not yet reviewed,study guide mapped at topic level only; revision notes mapped at topic level only; not in a 10-min diagnostic
Cambridge IGCSE,Cambridge,0580,2025-2027,https://www.cambridgeinternational.org/Images/662466-2025-2027-syllabus.pdf,2 Algebra and graphs,2.13 Functions,Extended only,igcse-mathematics-algebra-and-graphs,igcse-mathematics-algebra-and-graphs-revision-notes,igcse-mathematics-algebra-and-graphs-practice; igcse-mathematics-algebra-extended-practice,yes,self-check bank (from practice file),Extended 3/3,Present but not yet reviewed,study guide mapped at topic level only; revision notes mapped at topic level only; not in a 10-min diagnostic
Cambridge IGCSE,Cambridge,0580,2025-2027,https://www.cambridgeinternational.org/Images/662466-2025-2027-syllabus.pdf,3 Coordinate geometry,3.1 Coordinates,Core and Extended,igcse-mathematics-coordinate-geometry,igcse-mathematics-coordinate-geometry-revision-notes,igcse-mathematics-coordinate-geometry-practice,yes,self-check bank (from practice file),Core 0/1; Extended 0/1,Present but not yet reviewed,"study guide mapped at topic level only; not in a 10-min diagnostic; no keyword evidence: E3.1 1 ""Use and interpret Cartesian coordinates in two…"" (method miss: coordinates are used in the questions, the word ""Cartesian"" is not)"
Cambridge IGCSE,Cambridge,0580,2025-2027,https://www.cambridgeinternational.org/Images/662466-2025-2027-syllabus.pdf,3 Coordinate geometry,3.2 Drawing linear graphs,Core and Extended,igcse-mathematics-coordinate-geometry,igcse-mathematics-coordinate-geometry-revision-notes,igcse-mathematics-coordinate-geometry-practice,yes,self-check bank (from practice file),Core 1/1; Extended 1/1,Present but not yet reviewed,study guide mapped at topic level only; not in a 10-min diagnostic
Cambridge IGCSE,Cambridge,0580,2025-2027,https://www.cambridgeinternational.org/Images/662466-2025-2027-syllabus.pdf,3 Coordinate geometry,3.3 Gradient of linear graphs,Core and Extended,igcse-mathematics-coordinate-geometry,igcse-mathematics-coordinate-geometry-revision-notes,igcse-mathematics-coordinate-geometry-practice,yes,self-check bank (from practice file),Core 1/1; Extended 2/2,Present but not yet reviewed,"study guide mapped at topic level only; not in a 10-min diagnostic; Extended statements differ from Core, no tier labels in body: igcse-mathematics-coordinate-geometry-revision-notes"
Cambridge IGCSE,Cambridge,0580,2025-2027,https://www.cambridgeinternational.org/Images/662466-2025-2027-syllabus.pdf,3 Coordinate geometry,3.4 Length and midpoint,Extended only,igcse-mathematics-coordinate-geometry,igcse-mathematics-coordinate-geometry-revision-notes,igcse-mathematics-coordinate-geometry-practice,yes,self-check bank (from practice file),Extended 2/2,Present but not yet reviewed,"study guide mapped at topic level only; not in a 10-min diagnostic; Extended-only subtopic, no tier labels in body: igcse-mathematics-coordinate-geometry-revision-notes"
Cambridge IGCSE,Cambridge,0580,2025-2027,https://www.cambridgeinternational.org/Images/662466-2025-2027-syllabus.pdf,3 Coordinate geometry,3.5 Equations of linear graphs,Core and Extended,igcse-mathematics-coordinate-geometry,igcse-mathematics-coordinate-geometry-revision-notes,igcse-mathematics-coordinate-geometry-practice,yes,self-check bank (from practice file),Core 1/1; Extended 1/1,Present but not yet reviewed,"study guide mapped at topic level only; not in a 10-min diagnostic; Extended statements differ from Core, no tier labels in body: igcse-mathematics-coordinate-geometry-revision-notes"
Cambridge IGCSE,Cambridge,0580,2025-2027,https://www.cambridgeinternational.org/Images/662466-2025-2027-syllabus.pdf,3 Coordinate geometry,3.6 Parallel lines,Core and Extended,igcse-mathematics-coordinate-geometry,igcse-mathematics-coordinate-geometry-revision-notes,igcse-mathematics-coordinate-geometry-practice,yes,self-check bank (from practice file),Core 1/1; Extended 1/1,Present but not yet reviewed,study guide mapped at topic level only; not in a 10-min diagnostic
Cambridge IGCSE,Cambridge,0580,2025-2027,https://www.cambridgeinternational.org/Images/662466-2025-2027-syllabus.pdf,3 Coordinate geometry,3.7 Perpendicular lines,Extended only,igcse-mathematics-coordinate-geometry,igcse-mathematics-coordinate-geometry-revision-notes,igcse-mathematics-coordinate-geometry-practice,yes,self-check bank (from practice file),Extended 1/1,Present but not yet reviewed,"study guide mapped at topic level only; not in a 10-min diagnostic; Extended-only subtopic, no tier labels in body: igcse-mathematics-coordinate-geometry-revision-notes"
Cambridge IGCSE,Cambridge,0580,2025-2027,https://www.cambridgeinternational.org/Images/662466-2025-2027-syllabus.pdf,4 Geometry,4.1 Geometrical terms,Core and Extended,igcse-mathematics-geometry,igcse-mathematics-geometry-revision-notes,igcse-mathematics-geometry-practice,yes,self-check bank (from practice file),Core 3/3; Extended 3/3,Present but not yet reviewed,"study guide mapped at topic level only; not in a 10-min diagnostic; Extended statements differ from Core, no tier labels in body: igcse-mathematics-geometry-revision-notes"
Cambridge IGCSE,Cambridge,0580,2025-2027,https://www.cambridgeinternational.org/Images/662466-2025-2027-syllabus.pdf,4 Geometry,4.2 Geometrical constructions,Core and Extended,igcse-mathematics-geometry,igcse-mathematics-geometry-revision-notes,igcse-mathematics-geometry-practice,yes,self-check bank (from practice file),Core 3/3; Extended 3/3,Present but not yet reviewed,study guide mapped at topic level only; not in a 10-min diagnostic
Cambridge IGCSE,Cambridge,0580,2025-2027,https://www.cambridgeinternational.org/Images/662466-2025-2027-syllabus.pdf,4 Geometry,4.3 Scale drawings,Core and Extended,igcse-mathematics-geometry,igcse-mathematics-geometry-revision-notes,igcse-mathematics-geometry-practice,yes,self-check bank (from practice file),Core 2/2; Extended 2/2,Present but not yet reviewed,study guide mapped at topic level only; not in a 10-min diagnostic
Cambridge IGCSE,Cambridge,0580,2025-2027,https://www.cambridgeinternational.org/Images/662466-2025-2027-syllabus.pdf,4 Geometry,4.4 Similarity,Core and Extended,igcse-mathematics-geometry,igcse-mathematics-geometry-revision-notes,igcse-mathematics-geometry-practice,yes,self-check bank (from practice file),Core 1/1; Extended 3/3,Present but not yet reviewed,"study guide mapped at topic level only; not in a 10-min diagnostic; Extended statements differ from Core, no tier labels in body: igcse-mathematics-geometry-revision-notes"
Cambridge IGCSE,Cambridge,0580,2025-2027,https://www.cambridgeinternational.org/Images/662466-2025-2027-syllabus.pdf,4 Geometry,4.5 Symmetry,Core and Extended,igcse-mathematics-geometry,igcse-mathematics-geometry-revision-notes,igcse-mathematics-geometry-practice,yes,self-check bank (from practice file),Core 1/1; Extended 2/2,Present but not yet reviewed,"study guide mapped at topic level only; not in a 10-min diagnostic; Extended statements differ from Core, no tier labels in body: igcse-mathematics-geometry-revision-notes"
Cambridge IGCSE,Cambridge,0580,2025-2027,https://www.cambridgeinternational.org/Images/662466-2025-2027-syllabus.pdf,4 Geometry,4.6 Angles,Core and Extended,igcse-mathematics-geometry,igcse-mathematics-geometry-revision-notes,igcse-mathematics-geometry-practice,yes,10-min diagnostic: core; self-check bank (from practice file),Core 3/3; Extended 3/3,Present but not yet reviewed,"study guide mapped at topic level only; Extended statements differ from Core, no tier labels in body: igcse-mathematics-geometry-revision-notes"
Cambridge IGCSE,Cambridge,0580,2025-2027,https://www.cambridgeinternational.org/Images/662466-2025-2027-syllabus.pdf,4 Geometry,4.7 Circle theorems,Core and Extended,igcse-mathematics-geometry,igcse-mathematics-geometry-revision-notes,igcse-mathematics-geometry-practice,yes,self-check bank (from practice file),Core 2/2; Extended 6/6,Present but not yet reviewed,"study guide mapped at topic level only; not in a 10-min diagnostic; Extended statements differ from Core, no tier labels in body: igcse-mathematics-geometry-revision-notes"
Cambridge IGCSE,Cambridge,0580,2025-2027,https://www.cambridgeinternational.org/Images/662466-2025-2027-syllabus.pdf,4 Geometry,4.8 Circle theorems II,Extended only,igcse-mathematics-geometry,igcse-mathematics-geometry-revision-notes,igcse-mathematics-geometry-practice; igcse-mathematics-trigonometry-extended-practice,yes,self-check bank (from practice file),Extended 3/3,Present but not yet reviewed,"study guide mapped at topic level only; not in a 10-min diagnostic; Extended-only subtopic, no tier labels in body: igcse-mathematics-geometry-revision-notes"
Cambridge IGCSE,Cambridge,0580,2025-2027,https://www.cambridgeinternational.org/Images/662466-2025-2027-syllabus.pdf,5 Mensuration,5.1 Units of measure,Core and Extended,igcse-mathematics-mensuration,igcse-mathematics-mensuration-revision-notes,igcse-mathematics-mensuration-practice,yes,self-check bank (from practice file),Core 1/1; Extended 1/1,Present but not yet reviewed,study guide mapped at topic level only; not in a 10-min diagnostic
Cambridge IGCSE,Cambridge,0580,2025-2027,https://www.cambridgeinternational.org/Images/662466-2025-2027-syllabus.pdf,5 Mensuration,5.2 Area and perimeter,Core and Extended,igcse-mathematics-mensuration,igcse-mathematics-mensuration-revision-notes,igcse-mathematics-mensuration-practice,yes,self-check bank (from practice file),Core 1/1; Extended 1/1,Present but not yet reviewed,study guide mapped at topic level only; not in a 10-min diagnostic
Cambridge IGCSE,Cambridge,0580,2025-2027,https://www.cambridgeinternational.org/Images/662466-2025-2027-syllabus.pdf,5 Mensuration,"5.3 Circles, arcs and sectors",Core and Extended,igcse-mathematics-mensuration,igcse-mathematics-mensuration-revision-notes,igcse-mathematics-mensuration-practice,yes,10-min diagnostic: core; self-check bank (from practice file),Core 2/2; Extended 2/2,Present but not yet reviewed,"study guide mapped at topic level only; Extended statements differ from Core, no tier labels in body: igcse-mathematics-mensuration-revision-notes"
Cambridge IGCSE,Cambridge,0580,2025-2027,https://www.cambridgeinternational.org/Images/662466-2025-2027-syllabus.pdf,5 Mensuration,5.4 Surface area and volume,Core and Extended,igcse-mathematics-mensuration,igcse-mathematics-mensuration-revision-notes,igcse-mathematics-mensuration-practice,yes,self-check bank (from practice file),Core 6/6; Extended 6/6,Present but not yet reviewed,study guide mapped at topic level only; not in a 10-min diagnostic
Cambridge IGCSE,Cambridge,0580,2025-2027,https://www.cambridgeinternational.org/Images/662466-2025-2027-syllabus.pdf,5 Mensuration,5.5 Compound shapes and parts of shapes,Core and Extended,igcse-mathematics-mensuration,igcse-mathematics-mensuration-revision-notes,igcse-mathematics-mensuration-practice,yes,self-check bank (from practice file),Core 2/2; Extended 2/2,Present but not yet reviewed,study guide mapped at topic level only; not in a 10-min diagnostic
Cambridge IGCSE,Cambridge,0580,2025-2027,https://www.cambridgeinternational.org/Images/662466-2025-2027-syllabus.pdf,6 Trigonometry,6.1 Pythagoras’ theorem,Core and Extended,igcse-mathematics-trigonometry,igcse-mathematics-trigonometry-revision-notes,igcse-mathematics-trigonometry-practice,yes,self-check bank (from practice file),Core 1/1; Extended 1/1,Present but not yet reviewed,study guide mapped at topic level only; not in a 10-min diagnostic
Cambridge IGCSE,Cambridge,0580,2025-2027,https://www.cambridgeinternational.org/Images/662466-2025-2027-syllabus.pdf,6 Trigonometry,6.2 Right-angled triangles,Core and Extended,igcse-mathematics-trigonometry,igcse-mathematics-trigonometry-revision-notes,igcse-mathematics-trigonometry-practice,yes,10-min diagnostic: core; self-check bank (from practice file),Core 2/2; Extended 4/4,Present but not yet reviewed,"study guide mapped at topic level only; Extended statements differ from Core, no tier labels in body: igcse-mathematics-trigonometry-revision-notes"
Cambridge IGCSE,Cambridge,0580,2025-2027,https://www.cambridgeinternational.org/Images/662466-2025-2027-syllabus.pdf,6 Trigonometry,6.3 Exact trigonometric values,Extended only,igcse-mathematics-trigonometry,igcse-mathematics-trigonometry-revision-notes,igcse-mathematics-trigonometry-extended-practice; igcse-mathematics-trigonometry-practice,yes,self-check bank (from practice file),Extended 2/2,Present but not yet reviewed,"study guide mapped at topic level only; not in a 10-min diagnostic; Extended-only subtopic, no tier labels in body: igcse-mathematics-trigonometry-revision-notes"
Cambridge IGCSE,Cambridge,0580,2025-2027,https://www.cambridgeinternational.org/Images/662466-2025-2027-syllabus.pdf,6 Trigonometry,6.4 Trigonometric functions,Extended only,igcse-mathematics-trigonometry,igcse-mathematics-trigonometry-revision-notes,igcse-mathematics-trigonometry-extended-practice; igcse-mathematics-trigonometry-practice,yes,self-check bank (from practice file),Extended 2/2,Present but not yet reviewed,"study guide mapped at topic level only; not in a 10-min diagnostic; Extended-only subtopic, no tier labels in body: igcse-mathematics-trigonometry-revision-notes"
Cambridge IGCSE,Cambridge,0580,2025-2027,https://www.cambridgeinternational.org/Images/662466-2025-2027-syllabus.pdf,6 Trigonometry,6.5 Non-right-angled triangles,Extended only,igcse-mathematics-trigonometry,igcse-mathematics-trigonometry-revision-notes,igcse-mathematics-trigonometry-extended-practice; igcse-mathematics-trigonometry-practice,yes,10-min diagnostic: extended; self-check bank (from practice file),Extended 2/2,Present but not yet reviewed,"study guide mapped at topic level only; Extended-only subtopic, no tier labels in body: igcse-mathematics-trigonometry-revision-notes"
Cambridge IGCSE,Cambridge,0580,2025-2027,https://www.cambridgeinternational.org/Images/662466-2025-2027-syllabus.pdf,6 Trigonometry,6.6 Pythagoras’ theorem and trigonometry in 3D,Extended only,igcse-mathematics-trigonometry,igcse-mathematics-trigonometry-revision-notes,igcse-mathematics-trigonometry-extended-practice; igcse-mathematics-trigonometry-practice,yes,self-check bank (from practice file),Extended 1/1,Present but not yet reviewed,"study guide mapped at topic level only; not in a 10-min diagnostic; Extended-only subtopic, no tier labels in body: igcse-mathematics-trigonometry-revision-notes"
Cambridge IGCSE,Cambridge,0580,2025-2027,https://www.cambridgeinternational.org/Images/662466-2025-2027-syllabus.pdf,7 Transformations and vectors,7.1 Transformations,Core and Extended,igcse-mathematics-transformations-and-vectors,igcse-mathematics-transformations-and-vectors-revision-notes,igcse-mathematics-transformations-and-vectors-practice,yes,self-check bank (from practice file),Core 4/4; Extended 4/4,Present but not yet reviewed,"study guide mapped at topic level only; not in a 10-min diagnostic; Extended statements differ from Core, no tier labels in body: igcse-mathematics-transformations-and-vectors-revision-notes"
Cambridge IGCSE,Cambridge,0580,2025-2027,https://www.cambridgeinternational.org/Images/662466-2025-2027-syllabus.pdf,7 Transformations and vectors,7.2 Vectors in two dimensions,Extended only,igcse-mathematics-transformations-and-vectors,igcse-mathematics-transformations-and-vectors-revision-notes,igcse-mathematics-transformations-and-vectors-practice,yes,self-check bank (from practice file),Extended 3/3,Present but not yet reviewed,"study guide mapped at topic level only; not in a 10-min diagnostic; Extended-only subtopic, no tier labels in body: igcse-mathematics-transformations-and-vectors-revision-notes"
Cambridge IGCSE,Cambridge,0580,2025-2027,https://www.cambridgeinternational.org/Images/662466-2025-2027-syllabus.pdf,7 Transformations and vectors,7.3 Magnitude of a vector,Extended only,igcse-mathematics-transformations-and-vectors,igcse-mathematics-transformations-and-vectors-revision-notes,igcse-mathematics-transformations-and-vectors-practice,yes,self-check bank (from practice file),Extended 1/1,Present but not yet reviewed,"study guide mapped at topic level only; not in a 10-min diagnostic; Extended-only subtopic, no tier labels in body: igcse-mathematics-transformations-and-vectors-revision-notes"
Cambridge IGCSE,Cambridge,0580,2025-2027,https://www.cambridgeinternational.org/Images/662466-2025-2027-syllabus.pdf,7 Transformations and vectors,7.4 Vector geometry,Extended only,igcse-mathematics-transformations-and-vectors,igcse-mathematics-transformations-and-vectors-revision-notes,igcse-mathematics-transformations-and-vectors-practice,yes,self-check bank (from practice file),Extended 4/4,Present but not yet reviewed,"study guide mapped at topic level only; not in a 10-min diagnostic; Extended-only subtopic, no tier labels in body: igcse-mathematics-transformations-and-vectors-revision-notes"
Cambridge IGCSE,Cambridge,0580,2025-2027,https://www.cambridgeinternational.org/Images/662466-2025-2027-syllabus.pdf,8 Probability,8.1 Introduction to probability,Core and Extended,igcse-mathematics-probability,igcse-mathematics-probability-revision-notes,igcse-mathematics-probability-practice,yes,10-min diagnostic: core; self-check bank (from practice file),Core 3/3; Extended 4/4,Present but not yet reviewed,"study guide mapped at topic level only; Extended statements differ from Core, no tier labels in body: igcse-mathematics-probability-revision-notes"
Cambridge IGCSE,Cambridge,0580,2025-2027,https://www.cambridgeinternational.org/Images/662466-2025-2027-syllabus.pdf,8 Probability,8.2 Relative and expected frequencies,Core and Extended,igcse-mathematics-probability,igcse-mathematics-probability-revision-notes,igcse-mathematics-probability-practice,yes,10-min diagnostic: core; self-check bank (from practice file),Core 2/2; Extended 2/2,Present but not yet reviewed,study guide mapped at topic level only
Cambridge IGCSE,Cambridge,0580,2025-2027,https://www.cambridgeinternational.org/Images/662466-2025-2027-syllabus.pdf,8 Probability,8.3 Probability of combined events,Core and Extended,igcse-mathematics-probability,igcse-mathematics-probability-revision-notes,igcse-mathematics-probability-practice,yes,10-min diagnostic: extended; self-check bank (from practice file),Core 3/3; Extended 3/3,Present but not yet reviewed,study guide mapped at topic level only
Cambridge IGCSE,Cambridge,0580,2025-2027,https://www.cambridgeinternational.org/Images/662466-2025-2027-syllabus.pdf,8 Probability,8.4 Conditional probability,Extended only,igcse-mathematics-probability,igcse-mathematics-probability-revision-notes,igcse-mathematics-probability-practice; igcse-mathematics-statistics-and-probability-extended-practice,yes,10-min diagnostic: extended; self-check bank (from practice file),Extended 1/1,Present but not yet reviewed,"study guide mapped at topic level only; Extended-only subtopic, no tier labels in body: igcse-mathematics-probability-revision-notes"
Cambridge IGCSE,Cambridge,0580,2025-2027,https://www.cambridgeinternational.org/Images/662466-2025-2027-syllabus.pdf,9 Statistics,9.1 Classifying statistical data,Core and Extended,igcse-mathematics-statistics,igcse-mathematics-statistics-revision-notes,igcse-mathematics-statistics-practice,yes,self-check bank (from practice file),Core 0/1; Extended 0/1,Present but not yet reviewed,"study guide mapped at topic level only; revision notes mapped at topic level only; not in a 10-min diagnostic; no keyword evidence: E9.1 1 ""Classify and tabulate statistical data"" (partial: discrete/continuous classification is practised, tabulating data is not)"
Cambridge IGCSE,Cambridge,0580,2025-2027,https://www.cambridgeinternational.org/Images/662466-2025-2027-syllabus.pdf,9 Statistics,9.2 Interpreting statistical data,Core and Extended,igcse-mathematics-statistics,igcse-mathematics-statistics-revision-notes,igcse-mathematics-statistics-practice,yes,self-check bank (from practice file),Core 3/3; Extended 3/3,Present but not yet reviewed,study guide mapped at topic level only; revision notes mapped at topic level only; not in a 10-min diagnostic
Cambridge IGCSE,Cambridge,0580,2025-2027,https://www.cambridgeinternational.org/Images/662466-2025-2027-syllabus.pdf,9 Statistics,9.3 Averages and range,Core and Extended,igcse-mathematics-statistics,igcse-mathematics-statistics-revision-notes,igcse-mathematics-statistics-practice,yes,self-check bank (from practice file),Core 1/1; Extended 3/3,Present but not yet reviewed,study guide mapped at topic level only; revision notes mapped at topic level only; not in a 10-min diagnostic
Cambridge IGCSE,Cambridge,0580,2025-2027,https://www.cambridgeinternational.org/Images/662466-2025-2027-syllabus.pdf,9 Statistics,9.4 Statistical charts and diagrams,Core and Extended,igcse-mathematics-statistics,igcse-mathematics-statistics-revision-notes,igcse-mathematics-statistics-practice,yes,self-check bank (from practice file),Core 1/1; Extended 1/1,Present but not yet reviewed,study guide mapped at topic level only; revision notes mapped at topic level only; not in a 10-min diagnostic
Cambridge IGCSE,Cambridge,0580,2025-2027,https://www.cambridgeinternational.org/Images/662466-2025-2027-syllabus.pdf,9 Statistics,9.5 Scatter diagrams,Core and Extended,igcse-mathematics-statistics,igcse-mathematics-statistics-revision-notes,igcse-mathematics-statistics-practice,yes,self-check bank (from practice file),Core 3/3; Extended 3/3,Present but not yet reviewed,study guide mapped at topic level only; revision notes mapped at topic level only; not in a 10-min diagnostic
Cambridge IGCSE,Cambridge,0580,2025-2027,https://www.cambridgeinternational.org/Images/662466-2025-2027-syllabus.pdf,9 Statistics,9.6 Cumulative frequency diagrams,Extended only,igcse-mathematics-statistics,igcse-mathematics-statistics-revision-notes,igcse-mathematics-statistics-and-probability-extended-practice; igcse-mathematics-statistics-practice,yes,self-check bank (from practice file),Extended 2/2,Present but not yet reviewed,study guide mapped at topic level only; revision notes mapped at topic level only; not in a 10-min diagnostic
Cambridge IGCSE,Cambridge,0580,2025-2027,https://www.cambridgeinternational.org/Images/662466-2025-2027-syllabus.pdf,9 Statistics,9.7 Histograms,Extended only,igcse-mathematics-statistics,igcse-mathematics-statistics-revision-notes,igcse-mathematics-statistics-and-probability-extended-practice; igcse-mathematics-statistics-practice,yes,10-min diagnostic: extended; self-check bank (from practice file),Extended 2/2,Present but not yet reviewed,study guide mapped at topic level only; revision notes mapped at topic level only
