Qualification,Board,Syllabus code,Applicable exam years,Official source,Topic,Subtopic,0620 tier / 9701 stage,Explanation/study guide,Revision notes,Practice,Worked answers,Diagnostic/self-check,Outcomes with keyword evidence,Status,Gaps
Cambridge IGCSE,Cambridge,0620,2026-2028,https://www.cambridgeinternational.org/Images/697205-2026-2028-syllabus.pdf,1 States of matter,"1.1 Solids, liquids and gases",Core and Extended,states-of-matter-and-kinetic-particle-theory,states-of-matter-revision-notes,states-of-matter-practice,yes,10-min diagnostic: core; self-check bank (from practice file),not parsed,Present but not yet reviewed,
Cambridge IGCSE,Cambridge,0620,2026-2028,https://www.cambridgeinternational.org/Images/697205-2026-2028-syllabus.pdf,1 States of matter,1.2 Diffusion,Core and Extended,states-of-matter-and-kinetic-particle-theory,states-of-matter-revision-notes,states-of-matter-practice,yes,10-min diagnostic: core; self-check bank (from practice file),not parsed,Present but not yet reviewed,
Cambridge IGCSE,Cambridge,0620,2026-2028,https://www.cambridgeinternational.org/Images/697205-2026-2028-syllabus.pdf,"2 Atoms, elements and compounds","2.1 Elements, compounds and mixtures",Core,,atomic-structure,atomic-structure-practice,yes,10-min diagnostic: extended; self-check bank (from practice file),1/1,Present but not yet reviewed,no study guide
Cambridge IGCSE,Cambridge,0620,2026-2028,https://www.cambridgeinternational.org/Images/697205-2026-2028-syllabus.pdf,"2 Atoms, elements and compounds",2.2 Atomic structure and the Periodic Table,Core,,atomic-structure,atomic-structure-practice,yes,10-min diagnostic: extended; self-check bank (from practice file),6/6,Present but not yet reviewed,no study guide
Cambridge IGCSE,Cambridge,0620,2026-2028,https://www.cambridgeinternational.org/Images/697205-2026-2028-syllabus.pdf,"2 Atoms, elements and compounds",2.3 Isotopes,Core and Extended,,atomic-structure,atomic-structure-practice,yes,10-min diagnostic: extended; self-check bank (from practice file),2/2,Present but not yet reviewed,no study guide
Cambridge IGCSE,Cambridge,0620,2026-2028,https://www.cambridgeinternational.org/Images/697205-2026-2028-syllabus.pdf,"2 Atoms, elements and compounds",2.4 Ions and ionic bonds,Core and Extended,ionic-covalent-and-metallic-bonding,ionic-covalent-metallic-bonding-revision-notes,ionic-covalent-metallic-bonding-practice,yes,10-min diagnostic: extended; self-check bank (from practice file),4/4,Present but not yet reviewed,
Cambridge IGCSE,Cambridge,0620,2026-2028,https://www.cambridgeinternational.org/Images/697205-2026-2028-syllabus.pdf,"2 Atoms, elements and compounds",2.5 Simple molecules and covalent bonds,Core and Extended,ionic-covalent-and-metallic-bonding,ionic-covalent-metallic-bonding-revision-notes,ionic-covalent-metallic-bonding-practice,yes,10-min diagnostic: extended; self-check bank (from practice file),3/3,Present but not yet reviewed,
Cambridge IGCSE,Cambridge,0620,2026-2028,https://www.cambridgeinternational.org/Images/697205-2026-2028-syllabus.pdf,"2 Atoms, elements and compounds",2.6 Giant covalent structures,Core and Extended,ionic-covalent-and-metallic-bonding,ionic-covalent-metallic-bonding-revision-notes,ionic-covalent-metallic-bonding-practice,yes,10-min diagnostic: extended; self-check bank (from practice file),2/2,Present but not yet reviewed,
Cambridge IGCSE,Cambridge,0620,2026-2028,https://www.cambridgeinternational.org/Images/697205-2026-2028-syllabus.pdf,"2 Atoms, elements and compounds",2.7 Metallic bonding,Extended only,ionic-covalent-and-metallic-bonding,ionic-covalent-metallic-bonding-revision-notes,ionic-covalent-metallic-bonding-practice,yes,10-min diagnostic: extended; self-check bank (from practice file),0/1,Present but not yet reviewed,
Cambridge IGCSE,Cambridge,0620,2026-2028,https://www.cambridgeinternational.org/Images/697205-2026-2028-syllabus.pdf,3 Stoichiometry,3.1 Formulae,Core and Extended,formulae-equations-and-the-mole,formulae-equations-and-the-mole-revision-notes,formulae-equations-and-the-mole-practice,yes,10-min diagnostic: core;extended; self-check bank (from practice file),3/4,Present but not yet reviewed,
Cambridge IGCSE,Cambridge,0620,2026-2028,https://www.cambridgeinternational.org/Images/697205-2026-2028-syllabus.pdf,3 Stoichiometry,3.2 Relative masses of atoms and molecules,Core,formulae-equations-and-the-mole,formulae-equations-and-the-mole-revision-notes,formulae-equations-and-the-mole-practice,yes,10-min diagnostic: core;extended; self-check bank (from practice file),3/3,Present but not yet reviewed,
Cambridge IGCSE,Cambridge,0620,2026-2028,https://www.cambridgeinternational.org/Images/697205-2026-2028-syllabus.pdf,3 Stoichiometry,3.3 The mole and the Avogadro constant,Core and Extended,formulae-equations-and-the-mole,formulae-equations-and-the-mole-revision-notes,formulae-equations-and-the-mole-practice,yes,10-min diagnostic: core;extended; self-check bank (from practice file),9/9,Present but not yet reviewed,
Cambridge IGCSE,Cambridge,0620,2026-2028,https://www.cambridgeinternational.org/Images/697205-2026-2028-syllabus.pdf,4 Electrochemistry,4.1 Electrolysis,Core and Extended,electrolysis-and-fuel-cells,electrolysis-revision-notes,electrolysis-practice,yes,10-min diagnostic: core; self-check bank (from practice file),8/8,Present but not yet reviewed,
Cambridge IGCSE,Cambridge,0620,2026-2028,https://www.cambridgeinternational.org/Images/697205-2026-2028-syllabus.pdf,4 Electrochemistry,4.2 Hydrogen–oxygen fuel cells,Core and Extended,electrolysis-and-fuel-cells,electrolysis-revision-notes,electrolysis-practice,yes,10-min diagnostic: core; self-check bank (from practice file),1/2,Present but not yet reviewed,
Cambridge IGCSE,Cambridge,0620,2026-2028,https://www.cambridgeinternational.org/Images/697205-2026-2028-syllabus.pdf,5 Chemical energetics,5.1 Exothermic and endothermic reactions,Core and Extended,exothermic-and-endothermic-reactions,energetics-revision-notes,energetics-practice,yes,self-check bank (from practice file),4/4,Present but not yet reviewed,not in a 10-min diagnostic
Cambridge IGCSE,Cambridge,0620,2026-2028,https://www.cambridgeinternational.org/Images/697205-2026-2028-syllabus.pdf,6 Chemical reactions,6.1 Physical and chemical changes,Core,physical-and-chemical-changes,physical-and-chemical-changes-revision-notes,physical-and-chemical-changes-practice,yes,10-min diagnostic: extended; self-check bank (from practice file),1/1,Present but not yet reviewed,revision notes added D-347 (not yet reviewed)
Cambridge IGCSE,Cambridge,0620,2026-2028,https://www.cambridgeinternational.org/Images/697205-2026-2028-syllabus.pdf,6 Chemical reactions,6.2 Rate of reaction,Core and Extended,rates-of-reaction-and-reversible-reactions,rates-of-reaction-revision-notes,rates-of-reaction-practice,yes,10-min diagnostic: extended; self-check bank (from practice file),4/4,Present but not yet reviewed,
Cambridge IGCSE,Cambridge,0620,2026-2028,https://www.cambridgeinternational.org/Images/697205-2026-2028-syllabus.pdf,6 Chemical reactions,6.3 Reversible reactions and equilibrium,Core and Extended,rates-of-reaction-and-reversible-reactions,rates-of-reaction-revision-notes,rates-of-reaction-practice,yes,10-min diagnostic: extended; self-check bank (from practice file),2/2,Present but not yet reviewed,
Cambridge IGCSE,Cambridge,0620,2026-2028,https://www.cambridgeinternational.org/Images/697205-2026-2028-syllabus.pdf,6 Chemical reactions,6.4 Redox,Core and Extended,redox-reactions,redox-reactions-revision-notes,redox-reactions-practice,yes,10-min diagnostic: extended; self-check bank (from practice file),5/6,Present but not yet reviewed,
Cambridge IGCSE,Cambridge,0620,2026-2028,https://www.cambridgeinternational.org/Images/697205-2026-2028-syllabus.pdf,"7 Acids, bases and salts",7.1 The characteristic properties of acids and bases,Core and Extended,acids-bases-and-salts,acids-bases-and-salts-revision-notes,acids-bases-and-salts-practice,yes,10-min diagnostic: extended; self-check bank (from practice file),12/12,Present but not yet reviewed,
Cambridge IGCSE,Cambridge,0620,2026-2028,https://www.cambridgeinternational.org/Images/697205-2026-2028-syllabus.pdf,"7 Acids, bases and salts",7.2 Oxides,Core and Extended,acids-bases-and-salts,acids-bases-and-salts-revision-notes,acids-bases-and-salts-practice,yes,10-min diagnostic: extended; self-check bank (from practice file),1/1,Present but not yet reviewed,
Cambridge IGCSE,Cambridge,0620,2026-2028,https://www.cambridgeinternational.org/Images/697205-2026-2028-syllabus.pdf,"7 Acids, bases and salts",7.3 Preparation of salts,Core and Extended,acids-bases-and-salts,acids-bases-and-salts-revision-notes,acids-bases-and-salts-practice,yes,10-min diagnostic: extended; self-check bank (from practice file),4/4,Present but not yet reviewed,
Cambridge IGCSE,Cambridge,0620,2026-2028,https://www.cambridgeinternational.org/Images/697205-2026-2028-syllabus.pdf,8 The Periodic Table,8.1 Arrangement of elements,Core and Extended,periodic-table-groups-and-trends,periodic-table-revision-notes,periodic-table-practice,yes,self-check bank (from practice file),5/5,Present but not yet reviewed,not in a 10-min diagnostic
Cambridge IGCSE,Cambridge,0620,2026-2028,https://www.cambridgeinternational.org/Images/697205-2026-2028-syllabus.pdf,8 The Periodic Table,8.2 Group I properties,Core,periodic-table-groups-and-trends,periodic-table-revision-notes,periodic-table-practice,yes,self-check bank (from practice file),2/2,Present but not yet reviewed,not in a 10-min diagnostic
Cambridge IGCSE,Cambridge,0620,2026-2028,https://www.cambridgeinternational.org/Images/697205-2026-2028-syllabus.pdf,8 The Periodic Table,8.3 Group VII properties,Core,periodic-table-groups-and-trends,periodic-table-revision-notes,periodic-table-practice,yes,self-check bank (from practice file),4/4,Present but not yet reviewed,not in a 10-min diagnostic
Cambridge IGCSE,Cambridge,0620,2026-2028,https://www.cambridgeinternational.org/Images/697205-2026-2028-syllabus.pdf,8 The Periodic Table,8.4 Transition elements,Core and Extended,periodic-table-groups-and-trends,periodic-table-revision-notes,periodic-table-practice,yes,self-check bank (from practice file),1/1,Present but not yet reviewed,not in a 10-min diagnostic
Cambridge IGCSE,Cambridge,0620,2026-2028,https://www.cambridgeinternational.org/Images/697205-2026-2028-syllabus.pdf,8 The Periodic Table,8.5 Noble gases,Core,periodic-table-groups-and-trends,periodic-table-revision-notes,periodic-table-practice,yes,self-check bank (from practice file),2/2,Present but not yet reviewed,not in a 10-min diagnostic
Cambridge IGCSE,Cambridge,0620,2026-2028,https://www.cambridgeinternational.org/Images/697205-2026-2028-syllabus.pdf,9 Metals,9.1 Properties of metals,Core,metal-properties-and-reactivity,metals-reactivity-revision-notes,metals-reactivity-practice,yes,10-min diagnostic: core; self-check bank (from practice file),2/2,Present but not yet reviewed,
Cambridge IGCSE,Cambridge,0620,2026-2028,https://www.cambridgeinternational.org/Images/697205-2026-2028-syllabus.pdf,9 Metals,9.2 Uses of metals,Core,alloys-and-extraction-of-metals,alloys-and-extraction-revision-notes,alloys-and-extraction-practice,yes,10-min diagnostic: core; self-check bank (from practice file),not parsed,Present but not yet reviewed,
Cambridge IGCSE,Cambridge,0620,2026-2028,https://www.cambridgeinternational.org/Images/697205-2026-2028-syllabus.pdf,9 Metals,9.3 Alloys and their properties,Core and Extended,alloys-and-extraction-of-metals,alloys-and-extraction-revision-notes,alloys-and-extraction-practice,yes,10-min diagnostic: core; self-check bank (from practice file),4/4,Present but not yet reviewed,
Cambridge IGCSE,Cambridge,0620,2026-2028,https://www.cambridgeinternational.org/Images/697205-2026-2028-syllabus.pdf,9 Metals,9.4 Reactivity series,Core and Extended,metal-properties-and-reactivity,metals-reactivity-revision-notes,metals-reactivity-practice,yes,10-min diagnostic: core; self-check bank (from practice file),3/3,Present but not yet reviewed,
Cambridge IGCSE,Cambridge,0620,2026-2028,https://www.cambridgeinternational.org/Images/697205-2026-2028-syllabus.pdf,9 Metals,9.5 Corrosion of metals,Core and Extended,metal-properties-and-reactivity,metals-reactivity-revision-notes,metals-reactivity-practice,yes,10-min diagnostic: core; self-check bank (from practice file),3/3,Present but not yet reviewed,
Cambridge IGCSE,Cambridge,0620,2026-2028,https://www.cambridgeinternational.org/Images/697205-2026-2028-syllabus.pdf,9 Metals,9.6 Extraction of metals,Core and Extended,alloys-and-extraction-of-metals,alloys-and-extraction-revision-notes,alloys-and-extraction-practice,yes,10-min diagnostic: core; self-check bank (from practice file),4/4,Present but not yet reviewed,
Cambridge IGCSE,Cambridge,0620,2026-2028,https://www.cambridgeinternational.org/Images/697205-2026-2028-syllabus.pdf,10 Chemistry of the environment,10.1 Water,Core,chemistry-of-the-environment,chemistry-of-the-environment-revision-notes,chemistry-of-the-environment-practice,yes,self-check bank (from practice file),7/7,Present but not yet reviewed,not in a 10-min diagnostic
Cambridge IGCSE,Cambridge,0620,2026-2028,https://www.cambridgeinternational.org/Images/697205-2026-2028-syllabus.pdf,10 Chemistry of the environment,10.2 Fertilisers,Core,chemistry-of-the-environment,chemistry-of-the-environment-revision-notes,chemistry-of-the-environment-practice,yes,self-check bank (from practice file),2/2,Present but not yet reviewed,not in a 10-min diagnostic
Cambridge IGCSE,Cambridge,0620,2026-2028,https://www.cambridgeinternational.org/Images/697205-2026-2028-syllabus.pdf,10 Chemistry of the environment,10.3 Air quality and climate,Core and Extended,chemistry-of-the-environment,chemistry-of-the-environment-revision-notes,chemistry-of-the-environment-practice,yes,self-check bank (from practice file),5/5,Present but not yet reviewed,not in a 10-min diagnostic
Cambridge IGCSE,Cambridge,0620,2026-2028,https://www.cambridgeinternational.org/Images/697205-2026-2028-syllabus.pdf,11 Organic chemistry,"11.1 Formulae, functional groups and terminology",Core and Extended,organic-chemistry-formulae-and-naming,organic-chemistry-revision-notes,organic-chemistry-practice,yes,10-min diagnostic: core;extended; self-check bank (from practice file),6/6,Present but not yet reviewed,
Cambridge IGCSE,Cambridge,0620,2026-2028,https://www.cambridgeinternational.org/Images/697205-2026-2028-syllabus.pdf,11 Organic chemistry,11.2 Naming organic compounds,Core and Extended,organic-chemistry-formulae-and-naming,organic-chemistry-revision-notes,organic-chemistry-practice,yes,10-min diagnostic: core;extended; self-check bank (from practice file),2/2,Present but not yet reviewed,
Cambridge IGCSE,Cambridge,0620,2026-2028,https://www.cambridgeinternational.org/Images/697205-2026-2028-syllabus.pdf,11 Organic chemistry,11.3 Fuels,Core,petroleum-alkanes-and-alkenes,fuels-alkanes-and-alkenes-revision-notes,petroleum-alkanes-and-alkenes-practice,yes,10-min diagnostic: core;extended; self-check bank (from practice file),6/6,Present but not yet reviewed,revision notes added D-343 (not yet reviewed)
Cambridge IGCSE,Cambridge,0620,2026-2028,https://www.cambridgeinternational.org/Images/697205-2026-2028-syllabus.pdf,11 Organic chemistry,11.4 Alkanes,Core and Extended,petroleum-alkanes-and-alkenes,fuels-alkanes-and-alkenes-revision-notes,petroleum-alkanes-and-alkenes-practice,yes,10-min diagnostic: core;extended; self-check bank (from practice file),2/2,Present but not yet reviewed,revision notes added D-343 (not yet reviewed)
Cambridge IGCSE,Cambridge,0620,2026-2028,https://www.cambridgeinternational.org/Images/697205-2026-2028-syllabus.pdf,11 Organic chemistry,11.5 Alkenes,Core and Extended,petroleum-alkanes-and-alkenes,fuels-alkanes-and-alkenes-revision-notes,petroleum-alkanes-and-alkenes-practice,yes,10-min diagnostic: core;extended; self-check bank (from practice file),4/4,Present but not yet reviewed,revision notes added D-343 (not yet reviewed)
Cambridge IGCSE,Cambridge,0620,2026-2028,https://www.cambridgeinternational.org/Images/697205-2026-2028-syllabus.pdf,11 Organic chemistry,11.6 Alcohols,Core and Extended,alcohols-and-carboxylic-acids,alcohols-and-carboxylic-acids-revision-notes,alcohols-and-carboxylic-acids-practice,yes,10-min diagnostic: core;extended; self-check bank (from practice file),4/4,Present but not yet reviewed,revision notes added D-343 (not yet reviewed)
Cambridge IGCSE,Cambridge,0620,2026-2028,https://www.cambridgeinternational.org/Images/697205-2026-2028-syllabus.pdf,11 Organic chemistry,11.7 Carboxylic acids,Core and Extended,alcohols-and-carboxylic-acids,alcohols-and-carboxylic-acids-revision-notes,alcohols-and-carboxylic-acids-practice,yes,10-min diagnostic: core;extended; self-check bank (from practice file),1/1,Present but not yet reviewed,revision notes added D-343 (not yet reviewed)
Cambridge IGCSE,Cambridge,0620,2026-2028,https://www.cambridgeinternational.org/Images/697205-2026-2028-syllabus.pdf,11 Organic chemistry,11.8 Polymers,Core and Extended,polymers,polymers-revision-notes,polymers-practice,yes,10-min diagnostic: core;extended; self-check bank (from practice file),6/7,Present but not yet reviewed,
Cambridge IGCSE,Cambridge,0620,2026-2028,https://www.cambridgeinternational.org/Images/697205-2026-2028-syllabus.pdf,12 Experimental techniques and chemical analysis,12.1 Experimental design,Core,practical-techniques-titrations-chromatography-separation,practical-techniques-revision-notes,practical-techniques-titrations-chromatography-separation-practice,yes,10-min diagnostic: core; self-check bank (from practice file),2/2,Present but not yet reviewed,revision notes added D-343 (not yet reviewed)
Cambridge IGCSE,Cambridge,0620,2026-2028,https://www.cambridgeinternational.org/Images/697205-2026-2028-syllabus.pdf,12 Experimental techniques and chemical analysis,12.2 Acid–base titrations,Core,practical-techniques-titrations-chromatography-separation,practical-techniques-revision-notes,practical-techniques-titrations-chromatography-separation-practice,yes,10-min diagnostic: core; self-check bank (from practice file),2/2,Present but not yet reviewed,revision notes added D-343 (not yet reviewed)
Cambridge IGCSE,Cambridge,0620,2026-2028,https://www.cambridgeinternational.org/Images/697205-2026-2028-syllabus.pdf,12 Experimental techniques and chemical analysis,12.3 Chromatography,Core and Extended,practical-techniques-titrations-chromatography-separation,practical-techniques-revision-notes,practical-techniques-titrations-chromatography-separation-practice,yes,10-min diagnostic: core; self-check bank (from practice file),4/4,Present but not yet reviewed,revision notes added D-343 (not yet reviewed)
Cambridge IGCSE,Cambridge,0620,2026-2028,https://www.cambridgeinternational.org/Images/697205-2026-2028-syllabus.pdf,12 Experimental techniques and chemical analysis,12.4 Separation and purification,Core,practical-techniques-titrations-chromatography-separation,practical-techniques-revision-notes,practical-techniques-titrations-chromatography-separation-practice,yes,10-min diagnostic: core; self-check bank (from practice file),3/3,Present but not yet reviewed,revision notes added D-343 (not yet reviewed)
Cambridge IGCSE,Cambridge,0620,2026-2028,https://www.cambridgeinternational.org/Images/697205-2026-2028-syllabus.pdf,12 Experimental techniques and chemical analysis,12.5 Identification of ions and gases,Core,identification-of-ions-and-gases,identification-tests-revision-notes,identification-tests-practice,yes,10-min diagnostic: core; self-check bank (from practice file),4/7,Present but not yet reviewed,
Cambridge O Level,Cambridge,5070,2026-2028,https://www.cambridgeinternational.org/Images/697326-2026-2028-syllabus.pdf,1 States of matter,"1.1 Solids, liquids and gases",,states-of-matter-and-kinetic-particle-theory,states-of-matter-revision-notes,states-of-matter-practice,yes,self-check bank (from practice file),not parsed,Present but not yet reviewed,not in a 10-min diagnostic
Cambridge O Level,Cambridge,5070,2026-2028,https://www.cambridgeinternational.org/Images/697326-2026-2028-syllabus.pdf,1 States of matter,1.2 Diffusion,,states-of-matter-and-kinetic-particle-theory,states-of-matter-revision-notes,states-of-matter-practice,yes,self-check bank (from practice file),not parsed,Present but not yet reviewed,not in a 10-min diagnostic
Cambridge O Level,Cambridge,5070,2026-2028,https://www.cambridgeinternational.org/Images/697326-2026-2028-syllabus.pdf,"2 Atoms, elements and compounds","2.1 Elements, compounds and mixtures",,,atomic-structure,atomic-structure-practice,yes,self-check bank (from practice file),not parsed,Present but not yet reviewed,no study guide; not in a 10-min diagnostic
Cambridge O Level,Cambridge,5070,2026-2028,https://www.cambridgeinternational.org/Images/697326-2026-2028-syllabus.pdf,"2 Atoms, elements and compounds",2.2 Atomic structure and the Periodic Table,,,atomic-structure,atomic-structure-practice,yes,self-check bank (from practice file),6/6,Present but not yet reviewed,no study guide; not in a 10-min diagnostic
Cambridge O Level,Cambridge,5070,2026-2028,https://www.cambridgeinternational.org/Images/697326-2026-2028-syllabus.pdf,"2 Atoms, elements and compounds",2.3 Isotopes,,,atomic-structure,atomic-structure-practice,yes,self-check bank (from practice file),4/4,Present but not yet reviewed,no study guide; not in a 10-min diagnostic
Cambridge O Level,Cambridge,5070,2026-2028,https://www.cambridgeinternational.org/Images/697326-2026-2028-syllabus.pdf,"2 Atoms, elements and compounds",2.4 Ion and ionic bonds,,ionic-covalent-and-metallic-bonding,ionic-covalent-metallic-bonding-revision-notes,ionic-covalent-metallic-bonding-practice,yes,self-check bank (from practice file),5/5,Present but not yet reviewed,not in a 10-min diagnostic
Cambridge O Level,Cambridge,5070,2026-2028,https://www.cambridgeinternational.org/Images/697326-2026-2028-syllabus.pdf,"2 Atoms, elements and compounds",2.5 Simple molecules and covalent bonds,,ionic-covalent-and-metallic-bonding,ionic-covalent-metallic-bonding-revision-notes,ionic-covalent-metallic-bonding-practice,yes,self-check bank (from practice file),3/3,Present but not yet reviewed,not in a 10-min diagnostic
Cambridge O Level,Cambridge,5070,2026-2028,https://www.cambridgeinternational.org/Images/697326-2026-2028-syllabus.pdf,"2 Atoms, elements and compounds",2.6 Giant covalent structures,,ionic-covalent-and-metallic-bonding,ionic-covalent-metallic-bonding-revision-notes,ionic-covalent-metallic-bonding-practice,yes,self-check bank (from practice file),3/3,Present but not yet reviewed,not in a 10-min diagnostic
Cambridge O Level,Cambridge,5070,2026-2028,https://www.cambridgeinternational.org/Images/697326-2026-2028-syllabus.pdf,"2 Atoms, elements and compounds",2.7 Metallic bonding,,ionic-covalent-and-metallic-bonding,ionic-covalent-metallic-bonding-revision-notes,ionic-covalent-metallic-bonding-practice,yes,self-check bank (from practice file),2/3,Present but not yet reviewed,not in a 10-min diagnostic
Cambridge O Level,Cambridge,5070,2026-2028,https://www.cambridgeinternational.org/Images/697326-2026-2028-syllabus.pdf,3 Stoichiometry,3.1 Formulae,,formulae-equations-and-the-mole,formulae-equations-and-the-mole-revision-notes,formulae-equations-and-the-mole-practice,yes,10-min diagnostic: all-topics; self-check bank (from practice file),6/7,Present but not yet reviewed,
Cambridge O Level,Cambridge,5070,2026-2028,https://www.cambridgeinternational.org/Images/697326-2026-2028-syllabus.pdf,3 Stoichiometry,3.2 Relative masses of atoms and molecules,,formulae-equations-and-the-mole,formulae-equations-and-the-mole-revision-notes,formulae-equations-and-the-mole-practice,yes,10-min diagnostic: all-topics; self-check bank (from practice file),2/2,Present but not yet reviewed,
Cambridge O Level,Cambridge,5070,2026-2028,https://www.cambridgeinternational.org/Images/697326-2026-2028-syllabus.pdf,3 Stoichiometry,3.3 The mole and the Avogadro constant,,formulae-equations-and-the-mole,formulae-equations-and-the-mole-revision-notes,formulae-equations-and-the-mole-practice,yes,10-min diagnostic: all-topics; self-check bank (from practice file),9/9,Present but not yet reviewed,
Cambridge O Level,Cambridge,5070,2026-2028,https://www.cambridgeinternational.org/Images/697326-2026-2028-syllabus.pdf,4 Electrochemistry,4.1 Electrolysis,,electrolysis-and-fuel-cells,electrolysis-revision-notes,electrolysis-practice,yes,self-check bank (from practice file),11/11,Present but not yet reviewed,not in a 10-min diagnostic
Cambridge O Level,Cambridge,5070,2026-2028,https://www.cambridgeinternational.org/Images/697326-2026-2028-syllabus.pdf,4 Electrochemistry,4.2 Hydrogen–oxygen fuel cells,,electrolysis-and-fuel-cells,electrolysis-revision-notes,electrolysis-practice,yes,self-check bank (from practice file),2/3,Present but not yet reviewed,not in a 10-min diagnostic
Cambridge O Level,Cambridge,5070,2026-2028,https://www.cambridgeinternational.org/Images/697326-2026-2028-syllabus.pdf,5 Chemical energetics,5.1 Exothermic and endothermic reactions,,exothermic-and-endothermic-reactions,energetics-revision-notes,energetics-practice,yes,self-check bank (from practice file),7/7,Present but not yet reviewed,not in a 10-min diagnostic
Cambridge O Level,Cambridge,5070,2026-2028,https://www.cambridgeinternational.org/Images/697326-2026-2028-syllabus.pdf,6 Chemical reactions,6.1 Physical and chemical changes,,physical-and-chemical-changes,physical-and-chemical-changes-revision-notes,physical-and-chemical-changes-practice,yes,self-check bank (from practice file),1/1,Present but not yet reviewed,not in a 10-min diagnostic; revision notes added D-347 (not yet reviewed)
Cambridge O Level,Cambridge,5070,2026-2028,https://www.cambridgeinternational.org/Images/697326-2026-2028-syllabus.pdf,6 Chemical reactions,6.2 Rate of reaction,,rates-of-reaction-and-reversible-reactions,rates-of-reaction-revision-notes,rates-of-reaction-practice,yes,self-check bank (from practice file),5/5,Present but not yet reviewed,not in a 10-min diagnostic
Cambridge O Level,Cambridge,5070,2026-2028,https://www.cambridgeinternational.org/Images/697326-2026-2028-syllabus.pdf,6 Chemical reactions,6.3 Reversible reactions and equilibrium,,rates-of-reaction-and-reversible-reactions,rates-of-reaction-revision-notes,rates-of-reaction-practice,yes,self-check bank (from practice file),11/11,Present but not yet reviewed,not in a 10-min diagnostic
Cambridge O Level,Cambridge,5070,2026-2028,https://www.cambridgeinternational.org/Images/697326-2026-2028-syllabus.pdf,6 Chemical reactions,6.4 Redox,,redox-reactions,redox-reactions-revision-notes,redox-reactions-practice,yes,self-check bank (from practice file),10/11,Present but not yet reviewed,not in a 10-min diagnostic
Cambridge O Level,Cambridge,5070,2026-2028,https://www.cambridgeinternational.org/Images/697326-2026-2028-syllabus.pdf,"7 Acids, bases and salts",7.1 The characteristic properties of acids and bases,,acids-bases-and-salts,acids-bases-and-salts-revision-notes,acids-bases-and-salts-practice,yes,self-check bank (from practice file),12/12,Present but not yet reviewed,not in a 10-min diagnostic
Cambridge O Level,Cambridge,5070,2026-2028,https://www.cambridgeinternational.org/Images/697326-2026-2028-syllabus.pdf,"7 Acids, bases and salts",7.2 Oxides,,acids-bases-and-salts,acids-bases-and-salts-revision-notes,acids-bases-and-salts-practice,yes,self-check bank (from practice file),2/2,Present but not yet reviewed,not in a 10-min diagnostic
Cambridge O Level,Cambridge,5070,2026-2028,https://www.cambridgeinternational.org/Images/697326-2026-2028-syllabus.pdf,"7 Acids, bases and salts",7.3 Preparation of salts,,acids-bases-and-salts,acids-bases-and-salts-revision-notes,acids-bases-and-salts-practice,yes,self-check bank (from practice file),6/6,Present but not yet reviewed,not in a 10-min diagnostic
Cambridge O Level,Cambridge,5070,2026-2028,https://www.cambridgeinternational.org/Images/697326-2026-2028-syllabus.pdf,8 The Periodic Table,8.1 Arrangement of elements,,periodic-table-groups-and-trends,periodic-table-revision-notes,periodic-table-practice,yes,10-min diagnostic: all-topics; self-check bank (from practice file),6/6,Present but not yet reviewed,
Cambridge O Level,Cambridge,5070,2026-2028,https://www.cambridgeinternational.org/Images/697326-2026-2028-syllabus.pdf,8 The Periodic Table,8.2 Group I properties,,periodic-table-groups-and-trends,periodic-table-revision-notes,periodic-table-practice,yes,10-min diagnostic: all-topics; self-check bank (from practice file),2/2,Present but not yet reviewed,
Cambridge O Level,Cambridge,5070,2026-2028,https://www.cambridgeinternational.org/Images/697326-2026-2028-syllabus.pdf,8 The Periodic Table,8.3 Group VII properties,,periodic-table-groups-and-trends,periodic-table-revision-notes,periodic-table-practice,yes,10-min diagnostic: all-topics; self-check bank (from practice file),4/4,Present but not yet reviewed,
Cambridge O Level,Cambridge,5070,2026-2028,https://www.cambridgeinternational.org/Images/697326-2026-2028-syllabus.pdf,8 The Periodic Table,8.4 Transition elements,,periodic-table-groups-and-trends,periodic-table-revision-notes,periodic-table-practice,yes,10-min diagnostic: all-topics; self-check bank (from practice file),1/1,Present but not yet reviewed,
Cambridge O Level,Cambridge,5070,2026-2028,https://www.cambridgeinternational.org/Images/697326-2026-2028-syllabus.pdf,8 The Periodic Table,8.5 Noble gases,,periodic-table-groups-and-trends,periodic-table-revision-notes,periodic-table-practice,yes,10-min diagnostic: all-topics; self-check bank (from practice file),2/2,Present but not yet reviewed,
Cambridge O Level,Cambridge,5070,2026-2028,https://www.cambridgeinternational.org/Images/697326-2026-2028-syllabus.pdf,9 Metals,9.1 Properties of metals,,metal-properties-and-reactivity,metals-reactivity-revision-notes,metals-reactivity-practice,yes,self-check bank (from practice file),2/2,Present but not yet reviewed,not in a 10-min diagnostic
Cambridge O Level,Cambridge,5070,2026-2028,https://www.cambridgeinternational.org/Images/697326-2026-2028-syllabus.pdf,9 Metals,9.2 Uses of metals,,alloys-and-extraction-of-metals,alloys-and-extraction-revision-notes,alloys-and-extraction-practice,yes,self-check bank (from practice file),1/1,Present but not yet reviewed,not in a 10-min diagnostic
Cambridge O Level,Cambridge,5070,2026-2028,https://www.cambridgeinternational.org/Images/697326-2026-2028-syllabus.pdf,9 Metals,9.3 Alloys and their properties,,alloys-and-extraction-of-metals,alloys-and-extraction-revision-notes,alloys-and-extraction-practice,yes,self-check bank (from practice file),4/4,Present but not yet reviewed,not in a 10-min diagnostic
Cambridge O Level,Cambridge,5070,2026-2028,https://www.cambridgeinternational.org/Images/697326-2026-2028-syllabus.pdf,9 Metals,9.4 Reactivity series,,metal-properties-and-reactivity,metals-reactivity-revision-notes,metals-reactivity-practice,yes,self-check bank (from practice file),5/5,Present but not yet reviewed,not in a 10-min diagnostic
Cambridge O Level,Cambridge,5070,2026-2028,https://www.cambridgeinternational.org/Images/697326-2026-2028-syllabus.pdf,9 Metals,9.5 Corrosion of metals,,metal-properties-and-reactivity,metals-reactivity-revision-notes,metals-reactivity-practice,yes,self-check bank (from practice file),5/5,Present but not yet reviewed,not in a 10-min diagnostic
Cambridge O Level,Cambridge,5070,2026-2028,https://www.cambridgeinternational.org/Images/697326-2026-2028-syllabus.pdf,9 Metals,9.6 Extraction of metals,,alloys-and-extraction-of-metals,alloys-and-extraction-revision-notes,alloys-and-extraction-practice,yes,self-check bank (from practice file),4/4,Present but not yet reviewed,not in a 10-min diagnostic
Cambridge O Level,Cambridge,5070,2026-2028,https://www.cambridgeinternational.org/Images/697326-2026-2028-syllabus.pdf,10 Chemistry of the environment,10.1 Water,,chemistry-of-the-environment,chemistry-of-the-environment-revision-notes,chemistry-of-the-environment-practice,yes,10-min diagnostic: all-topics; self-check bank (from practice file),7/7,Present but not yet reviewed,
Cambridge O Level,Cambridge,5070,2026-2028,https://www.cambridgeinternational.org/Images/697326-2026-2028-syllabus.pdf,10 Chemistry of the environment,10.2 Fertilisers,,chemistry-of-the-environment,chemistry-of-the-environment-revision-notes,chemistry-of-the-environment-practice,yes,10-min diagnostic: all-topics; self-check bank (from practice file),2/2,Present but not yet reviewed,
Cambridge O Level,Cambridge,5070,2026-2028,https://www.cambridgeinternational.org/Images/697326-2026-2028-syllabus.pdf,10 Chemistry of the environment,10.3 Air quality and climate,,chemistry-of-the-environment,chemistry-of-the-environment-revision-notes,chemistry-of-the-environment-practice,yes,10-min diagnostic: all-topics; self-check bank (from practice file),8/8,Present but not yet reviewed,
Cambridge O Level,Cambridge,5070,2026-2028,https://www.cambridgeinternational.org/Images/697326-2026-2028-syllabus.pdf,11 Organic chemistry,"11.1 Formulae, functional groups and terminology",,organic-chemistry-formulae-and-naming,organic-chemistry-revision-notes,organic-chemistry-practice,yes,10-min diagnostic: all-topics; self-check bank (from practice file),8/8,Present but not yet reviewed,
Cambridge O Level,Cambridge,5070,2026-2028,https://www.cambridgeinternational.org/Images/697326-2026-2028-syllabus.pdf,11 Organic chemistry,11.2 Naming organic compounds,,organic-chemistry-formulae-and-naming,organic-chemistry-revision-notes,organic-chemistry-practice,yes,10-min diagnostic: all-topics; self-check bank (from practice file),3/3,Present but not yet reviewed,
Cambridge O Level,Cambridge,5070,2026-2028,https://www.cambridgeinternational.org/Images/697326-2026-2028-syllabus.pdf,11 Organic chemistry,11.3 Fuels,,petroleum-alkanes-and-alkenes,fuels-alkanes-and-alkenes-revision-notes,petroleum-alkanes-and-alkenes-practice,yes,10-min diagnostic: all-topics; self-check bank (from practice file),6/6,Present but not yet reviewed,revision notes added D-343 (not yet reviewed)
Cambridge O Level,Cambridge,5070,2026-2028,https://www.cambridgeinternational.org/Images/697326-2026-2028-syllabus.pdf,11 Organic chemistry,11.4 Alkanes,,petroleum-alkanes-and-alkenes,fuels-alkanes-and-alkenes-revision-notes,petroleum-alkanes-and-alkenes-practice,yes,10-min diagnostic: all-topics; self-check bank (from practice file),4/4,Present but not yet reviewed,revision notes added D-343 (not yet reviewed)
Cambridge O Level,Cambridge,5070,2026-2028,https://www.cambridgeinternational.org/Images/697326-2026-2028-syllabus.pdf,11 Organic chemistry,11.5 Alkenes,,petroleum-alkanes-and-alkenes,fuels-alkanes-and-alkenes-revision-notes,petroleum-alkanes-and-alkenes-practice,yes,10-min diagnostic: all-topics; self-check bank (from practice file),6/6,Present but not yet reviewed,revision notes added D-343 (not yet reviewed)
Cambridge O Level,Cambridge,5070,2026-2028,https://www.cambridgeinternational.org/Images/697326-2026-2028-syllabus.pdf,11 Organic chemistry,11.6 Alcohols,,alcohols-and-carboxylic-acids,alcohols-and-carboxylic-acids-revision-notes,alcohols-and-carboxylic-acids-practice,yes,10-min diagnostic: all-topics; self-check bank (from practice file),3/3,Present but not yet reviewed,revision notes added D-343 (not yet reviewed)
Cambridge O Level,Cambridge,5070,2026-2028,https://www.cambridgeinternational.org/Images/697326-2026-2028-syllabus.pdf,11 Organic chemistry,11.7 Carboxylic acids,,alcohols-and-carboxylic-acids,alcohols-and-carboxylic-acids-revision-notes,alcohols-and-carboxylic-acids-practice,yes,10-min diagnostic: all-topics; self-check bank (from practice file),3/3,Present but not yet reviewed,revision notes added D-343 (not yet reviewed)
Cambridge O Level,Cambridge,5070,2026-2028,https://www.cambridgeinternational.org/Images/697326-2026-2028-syllabus.pdf,11 Organic chemistry,11.8 Polymers,,polymers,polymers-revision-notes,polymers-practice,yes,10-min diagnostic: all-topics; self-check bank (from practice file),11/12,Present but not yet reviewed,
Cambridge O Level,Cambridge,5070,2026-2028,https://www.cambridgeinternational.org/Images/697326-2026-2028-syllabus.pdf,12 Experimental techniques and chemical analysis,12.1 Experimental design,,practical-techniques-titrations-chromatography-separation,practical-techniques-revision-notes,practical-techniques-titrations-chromatography-separation-practice,yes,10-min diagnostic: all-topics; self-check bank (from practice file),2/2,Present but not yet reviewed,revision notes added D-343 (not yet reviewed)
Cambridge O Level,Cambridge,5070,2026-2028,https://www.cambridgeinternational.org/Images/697326-2026-2028-syllabus.pdf,12 Experimental techniques and chemical analysis,12.2 Acid–base titrations,,practical-techniques-titrations-chromatography-separation,practical-techniques-revision-notes,practical-techniques-titrations-chromatography-separation-practice,yes,10-min diagnostic: all-topics; self-check bank (from practice file),2/2,Present but not yet reviewed,revision notes added D-343 (not yet reviewed)
Cambridge O Level,Cambridge,5070,2026-2028,https://www.cambridgeinternational.org/Images/697326-2026-2028-syllabus.pdf,12 Experimental techniques and chemical analysis,12.3 Chromatography,,practical-techniques-titrations-chromatography-separation,practical-techniques-revision-notes,practical-techniques-titrations-chromatography-separation-practice,yes,10-min diagnostic: all-topics; self-check bank (from practice file),4/4,Present but not yet reviewed,revision notes added D-343 (not yet reviewed)
Cambridge O Level,Cambridge,5070,2026-2028,https://www.cambridgeinternational.org/Images/697326-2026-2028-syllabus.pdf,12 Experimental techniques and chemical analysis,12.4 Separation and purification,,practical-techniques-titrations-chromatography-separation,practical-techniques-revision-notes,practical-techniques-titrations-chromatography-separation-practice,yes,10-min diagnostic: all-topics; self-check bank (from practice file),3/3,Present but not yet reviewed,revision notes added D-343 (not yet reviewed)
Cambridge O Level,Cambridge,5070,2026-2028,https://www.cambridgeinternational.org/Images/697326-2026-2028-syllabus.pdf,12 Experimental techniques and chemical analysis,12.5 Identification of ions and gases,,identification-of-ions-and-gases,identification-tests-revision-notes,identification-tests-practice,yes,10-min diagnostic: all-topics; self-check bank (from practice file),4/4,Present but not yet reviewed,
Cambridge International AS & A Level,Cambridge,9701,2025-2027,https://www.cambridgeinternational.org/Images/664563-2025-2027-syllabus.pdf,1 Atomic structure,1.1 Particles in the atom and atomic radius,AS,as-atomic-structure-particles-radius-and-isotopes,as-chem-atomic-structure-revision-notes,as-atomic-structure-particles-radius-and-isotopes-practice,yes,10-min diagnostic: as; self-check bank (from practice file),7/7,Present but not yet reviewed,revision notes added D-347 (not yet reviewed)
Cambridge International AS & A Level,Cambridge,9701,2025-2027,https://www.cambridgeinternational.org/Images/664563-2025-2027-syllabus.pdf,1 Atomic structure,1.2 Isotopes,AS,as-atomic-structure-particles-radius-and-isotopes,as-chem-atomic-structure-revision-notes,as-atomic-structure-particles-radius-and-isotopes-practice,yes,10-min diagnostic: as; self-check bank (from practice file),4/4,Present but not yet reviewed,revision notes added D-347 (not yet reviewed)
Cambridge International AS & A Level,Cambridge,9701,2025-2027,https://www.cambridgeinternational.org/Images/664563-2025-2027-syllabus.pdf,1 Atomic structure,"1.3 Electrons, energy levels and atomic orbitals",AS,as-atomic-structure-orbitals-and-ionisation-energy,as-chem-ionisation-energy-revision-notes,as-chem-ionisation-energy-practice,yes,10-min diagnostic: as; self-check bank (from practice file),9/9,Present but not yet reviewed,
Cambridge International AS & A Level,Cambridge,9701,2025-2027,https://www.cambridgeinternational.org/Images/664563-2025-2027-syllabus.pdf,1 Atomic structure,1.4 Ionisation energy,AS,as-atomic-structure-orbitals-and-ionisation-energy,as-chem-ionisation-energy-revision-notes,as-chem-ionisation-energy-practice,yes,10-min diagnostic: as; self-check bank (from practice file),8/8,Present but not yet reviewed,
Cambridge International AS & A Level,Cambridge,9701,2025-2027,https://www.cambridgeinternational.org/Images/664563-2025-2027-syllabus.pdf,"2 Atoms, molecules and stoichiometry",2.1 Relative masses of atoms and molecules,AS,as-atoms-molecules-and-stoichiometry,as-chem-stoichiometry-revision-notes,as-chem-stoichiometry-practice,yes,self-check bank (from practice file),2/2,Present but not yet reviewed,not in a 10-min diagnostic
Cambridge International AS & A Level,Cambridge,9701,2025-2027,https://www.cambridgeinternational.org/Images/664563-2025-2027-syllabus.pdf,"2 Atoms, molecules and stoichiometry",2.2 The mole and the Avogadro constant,AS,as-atoms-molecules-and-stoichiometry,as-chem-stoichiometry-revision-notes,as-chem-stoichiometry-practice,yes,self-check bank (from practice file),1/1,Present but not yet reviewed,not in a 10-min diagnostic
Cambridge International AS & A Level,Cambridge,9701,2025-2027,https://www.cambridgeinternational.org/Images/664563-2025-2027-syllabus.pdf,"2 Atoms, molecules and stoichiometry",2.3 Formulas,AS,as-atoms-molecules-and-stoichiometry,as-chem-stoichiometry-revision-notes,as-chem-stoichiometry-practice,yes,self-check bank (from practice file),5/5,Present but not yet reviewed,not in a 10-min diagnostic
Cambridge International AS & A Level,Cambridge,9701,2025-2027,https://www.cambridgeinternational.org/Images/664563-2025-2027-syllabus.pdf,"2 Atoms, molecules and stoichiometry",2.4 Reacting masses and volumes (of solutions and gases),AS,as-atoms-molecules-and-stoichiometry,as-chem-stoichiometry-revision-notes,as-chem-stoichiometry-practice,yes,self-check bank (from practice file),not parsed,Present but not yet reviewed,not in a 10-min diagnostic
Cambridge International AS & A Level,Cambridge,9701,2025-2027,https://www.cambridgeinternational.org/Images/664563-2025-2027-syllabus.pdf,3 Chemical bonding,3.1 Electronegativity and bonding,AS,as-chemical-bonding-electronegativity-ionic-and-metallic-bonds,as-chemistry-bonding-revision-notes,as-chemistry-bonding-practice,yes,self-check bank (from practice file),4/4,Present but not yet reviewed,not in a 10-min diagnostic
Cambridge International AS & A Level,Cambridge,9701,2025-2027,https://www.cambridgeinternational.org/Images/664563-2025-2027-syllabus.pdf,3 Chemical bonding,3.2 Ionic bonding,AS,as-chemical-bonding-electronegativity-ionic-and-metallic-bonds,as-chemistry-bonding-revision-notes,as-chemistry-bonding-practice,yes,self-check bank (from practice file),2/2,Present but not yet reviewed,not in a 10-min diagnostic
Cambridge International AS & A Level,Cambridge,9701,2025-2027,https://www.cambridgeinternational.org/Images/664563-2025-2027-syllabus.pdf,3 Chemical bonding,3.3 Metallic bonding,AS,as-chemical-bonding-electronegativity-ionic-and-metallic-bonds,as-chemistry-bonding-revision-notes,as-chemistry-bonding-practice,yes,self-check bank (from practice file),1/1,Present but not yet reviewed,not in a 10-min diagnostic
Cambridge International AS & A Level,Cambridge,9701,2025-2027,https://www.cambridgeinternational.org/Images/664563-2025-2027-syllabus.pdf,3 Chemical bonding,3.4 Covalent bonding and coordinate (dative covalent) bonding,AS,as-chemical-bonding-shapes-and-intermolecular-forces,as-chemistry-shapes-imf-revision-notes,as-chemistry-shapes-imf-practice,yes,self-check bank (from practice file),2/2,Present but not yet reviewed,not in a 10-min diagnostic
Cambridge International AS & A Level,Cambridge,9701,2025-2027,https://www.cambridgeinternational.org/Images/664563-2025-2027-syllabus.pdf,3 Chemical bonding,3.5 Shapes of molecules,AS,as-chemical-bonding-shapes-and-intermolecular-forces,as-chemistry-shapes-imf-revision-notes,as-chemistry-shapes-imf-practice,yes,self-check bank (from practice file),2/2,Present but not yet reviewed,not in a 10-min diagnostic
Cambridge International AS & A Level,Cambridge,9701,2025-2027,https://www.cambridgeinternational.org/Images/664563-2025-2027-syllabus.pdf,3 Chemical bonding,"3.6 Intermolecular forces, electronegativity and bond properties",AS,as-chemical-bonding-shapes-and-intermolecular-forces,as-chemistry-shapes-imf-revision-notes,as-chemistry-shapes-imf-practice,yes,self-check bank (from practice file),3/3,Present but not yet reviewed,not in a 10-min diagnostic
Cambridge International AS & A Level,Cambridge,9701,2025-2027,https://www.cambridgeinternational.org/Images/664563-2025-2027-syllabus.pdf,3 Chemical bonding,3.7 Dot-and-cross diagrams,AS,as-chemical-bonding-shapes-and-intermolecular-forces,as-chemistry-shapes-imf-revision-notes,as-chemistry-shapes-imf-practice,yes,self-check bank (from practice file),1/1,Present but not yet reviewed,not in a 10-min diagnostic
Cambridge International AS & A Level,Cambridge,9701,2025-2027,https://www.cambridgeinternational.org/Images/664563-2025-2027-syllabus.pdf,4 States of matter,4.1 The gaseous state: ideal and real gases and pV = nRT,AS,as-states-of-matter-ideal-gases-and-structure,as-chem-states-structure-revision-notes,as-chem-states-structure-practice,yes,10-min diagnostic: as; self-check bank (from practice file),3/3,Present but not yet reviewed,
Cambridge International AS & A Level,Cambridge,9701,2025-2027,https://www.cambridgeinternational.org/Images/664563-2025-2027-syllabus.pdf,4 States of matter,4.2 Bonding and structure,AS,as-states-of-matter-ideal-gases-and-structure,as-chem-states-structure-revision-notes,as-chem-states-structure-practice,yes,10-min diagnostic: as; self-check bank (from practice file),3/3,Present but not yet reviewed,
Cambridge International AS & A Level,Cambridge,9701,2025-2027,https://www.cambridgeinternational.org/Images/664563-2025-2027-syllabus.pdf,5 Chemical energetics,5.1 Enthalpy change,AS,as-chemical-energetics-hess-law-and-enthalpy-cycles,as-chemistry-hess-law-revision-notes,as-chemistry-hess-law-practice,yes,10-min diagnostic: as; self-check bank (from practice file),7/7,Present but not yet reviewed,
Cambridge International AS & A Level,Cambridge,9701,2025-2027,https://www.cambridgeinternational.org/Images/664563-2025-2027-syllabus.pdf,5 Chemical energetics,5.2 Hess's law,AS,as-chemical-energetics-hess-law-and-enthalpy-cycles,as-chemistry-hess-law-revision-notes,as-chemistry-hess-law-practice,yes,10-min diagnostic: as; self-check bank (from practice file),2/2,Present but not yet reviewed,
Cambridge International AS & A Level,Cambridge,9701,2025-2027,https://www.cambridgeinternational.org/Images/664563-2025-2027-syllabus.pdf,6 Electrochemistry,6.1 Redox processes: electron transfer and changes in oxidation number (oxidation state),AS,as-redox-processes,as-chem-redox-revision-notes,as-chem-redox-practice,yes,self-check bank (from practice file),5/5,Present but not yet reviewed,not in a 10-min diagnostic
Cambridge International AS & A Level,Cambridge,9701,2025-2027,https://www.cambridgeinternational.org/Images/664563-2025-2027-syllabus.pdf,7 Equilibria,"7.1 Chemical equilibria: reversible reactions, dynamic equilibrium",AS,as-chemical-equilibria,as-chemistry-equilibria-revision-notes,as-chemistry-equilibria-practice,yes,self-check bank (from practice file),10/10,Present but not yet reviewed,not in a 10-min diagnostic
Cambridge International AS & A Level,Cambridge,9701,2025-2027,https://www.cambridgeinternational.org/Images/664563-2025-2027-syllabus.pdf,7 Equilibria,7.2 Brønsted-Lowry theory of acids and bases,AS,as-acids-and-bases-bronsted-lowry-theory,as-chem-acids-bases-revision-notes,as-chem-acids-bases-practice,yes,self-check bank (from practice file),10/10,Present but not yet reviewed,not in a 10-min diagnostic
Cambridge International AS & A Level,Cambridge,9701,2025-2027,https://www.cambridgeinternational.org/Images/664563-2025-2027-syllabus.pdf,8 Reaction kinetics,8.1 Rate of reaction,AS,as-reaction-kinetics-collision-theory-and-catalysis,as-chem-kinetics-revision-notes,as-chem-kinetics-practice,yes,10-min diagnostic: as; self-check bank (from practice file),3/3,Present but not yet reviewed,
Cambridge International AS & A Level,Cambridge,9701,2025-2027,https://www.cambridgeinternational.org/Images/664563-2025-2027-syllabus.pdf,8 Reaction kinetics,8.2 Effect of temperature on reaction rates and the concept of activation energy,AS,as-reaction-kinetics-collision-theory-and-catalysis,as-chem-kinetics-revision-notes,as-chem-kinetics-practice,yes,10-min diagnostic: as; self-check bank (from practice file),3/3,Present but not yet reviewed,
Cambridge International AS & A Level,Cambridge,9701,2025-2027,https://www.cambridgeinternational.org/Images/664563-2025-2027-syllabus.pdf,8 Reaction kinetics,8.3 Homogeneous and heterogeneous catalysts,AS,as-reaction-kinetics-collision-theory-and-catalysis,as-chem-kinetics-revision-notes,as-chem-kinetics-practice,yes,10-min diagnostic: as; self-check bank (from practice file),1/1,Present but not yet reviewed,
Cambridge International AS & A Level,Cambridge,9701,2025-2027,https://www.cambridgeinternational.org/Images/664563-2025-2027-syllabus.pdf,9 The Periodic Table: chemical periodicity,9.1 Periodicity of physical properties of the elements in Period 3,AS,as-periodicity-across-period-3,as-chem-periodicity-revision-notes,as-chem-periodicity-practice,yes,self-check bank (from practice file),2/2,Present but not yet reviewed,not in a 10-min diagnostic
Cambridge International AS & A Level,Cambridge,9701,2025-2027,https://www.cambridgeinternational.org/Images/664563-2025-2027-syllabus.pdf,9 The Periodic Table: chemical periodicity,9.2 Periodicity of chemical properties of the elements in Period 3,AS,as-periodicity-across-period-3,as-chem-periodicity-revision-notes,as-chem-periodicity-practice,yes,self-check bank (from practice file),7/7,Present but not yet reviewed,not in a 10-min diagnostic
Cambridge International AS & A Level,Cambridge,9701,2025-2027,https://www.cambridgeinternational.org/Images/664563-2025-2027-syllabus.pdf,9 The Periodic Table: chemical periodicity,9.3 Chemical periodicity of other elements,AS,as-periodicity-across-period-3,as-chem-periodicity-revision-notes,as-chem-periodicity-practice,yes,self-check bank (from practice file),3/3,Present but not yet reviewed,not in a 10-min diagnostic
Cambridge International AS & A Level,Cambridge,9701,2025-2027,https://www.cambridgeinternational.org/Images/664563-2025-2027-syllabus.pdf,10 Group 2,"10.1 Similarities and trends in the properties of the Group 2 metals, magnesium to barium, and their compounds",AS,as-group-2-the-alkaline-earth-metals,as-chem-group2-revision-notes,as-chem-group2-practice,yes,self-check bank (from practice file),6/6,Present but not yet reviewed,not in a 10-min diagnostic
Cambridge International AS & A Level,Cambridge,9701,2025-2027,https://www.cambridgeinternational.org/Images/664563-2025-2027-syllabus.pdf,11 Group 17,11.1 Physical properties of the Group 17 elements,AS,as-group-17-the-halogens,as-chem-group17-revision-notes,as-chem-group17-practice,yes,self-check bank (from practice file),3/3,Present but not yet reviewed,not in a 10-min diagnostic
Cambridge International AS & A Level,Cambridge,9701,2025-2027,https://www.cambridgeinternational.org/Images/664563-2025-2027-syllabus.pdf,11 Group 17,11.2 The chemical properties of the halogen elements and the hydrogen halides,AS,as-group-17-the-halogens,as-chem-group17-revision-notes,as-chem-group17-practice,yes,self-check bank (from practice file),3/3,Present but not yet reviewed,not in a 10-min diagnostic
Cambridge International AS & A Level,Cambridge,9701,2025-2027,https://www.cambridgeinternational.org/Images/664563-2025-2027-syllabus.pdf,11 Group 17,11.3 Some reactions of the halide ions,AS,as-group-17-the-halogens,as-chem-group17-revision-notes,as-chem-group17-practice,yes,self-check bank (from practice file),2/2,Present but not yet reviewed,not in a 10-min diagnostic
Cambridge International AS & A Level,Cambridge,9701,2025-2027,https://www.cambridgeinternational.org/Images/664563-2025-2027-syllabus.pdf,11 Group 17,11.4 The reactions of chlorine,AS,as-group-17-the-halogens,as-chem-group17-revision-notes,as-chem-group17-practice,yes,self-check bank (from practice file),3/3,Present but not yet reviewed,not in a 10-min diagnostic
Cambridge International AS & A Level,Cambridge,9701,2025-2027,https://www.cambridgeinternational.org/Images/664563-2025-2027-syllabus.pdf,12 Nitrogen and sulfur,12.1 Nitrogen and sulfur,AS,as-nitrogen-and-sulfur,as-chem-nitrogen-sulfur-revision-notes,as-chem-nitrogen-sulfur-practice,yes,self-check bank (from practice file),4/4,Present but not yet reviewed,not in a 10-min diagnostic
Cambridge International AS & A Level,Cambridge,9701,2025-2027,https://www.cambridgeinternational.org/Images/664563-2025-2027-syllabus.pdf,13 An introduction to AS Level organic chemistry,"13.1 Formulas, functional groups and the naming of organic compounds",AS,organic-mechanisms-an-introduction,as-chemistry-organic-introduction-revision-notes,as-chemistry-organic-introduction-practice,yes,self-check bank (from practice file),5/6,Present but not yet reviewed,not in a 10-min diagnostic
Cambridge International AS & A Level,Cambridge,9701,2025-2027,https://www.cambridgeinternational.org/Images/664563-2025-2027-syllabus.pdf,13 An introduction to AS Level organic chemistry,13.2 Characteristic organic reactions,AS,organic-mechanisms-an-introduction,as-chemistry-organic-introduction-revision-notes,as-chemistry-organic-introduction-practice,yes,self-check bank (from practice file),1/1,Present but not yet reviewed,not in a 10-min diagnostic
Cambridge International AS & A Level,Cambridge,9701,2025-2027,https://www.cambridgeinternational.org/Images/664563-2025-2027-syllabus.pdf,13 An introduction to AS Level organic chemistry,13.3 Shapes of organic molecules; sigma and pi bonds,AS,organic-mechanisms-an-introduction,as-chemistry-organic-introduction-revision-notes,as-chemistry-organic-introduction-practice,yes,self-check bank (from practice file),4/4,Present but not yet reviewed,not in a 10-min diagnostic
Cambridge International AS & A Level,Cambridge,9701,2025-2027,https://www.cambridgeinternational.org/Images/664563-2025-2027-syllabus.pdf,13 An introduction to AS Level organic chemistry,13.4 Isomerism: structural isomerism and stereoisomerism,AS,organic-mechanisms-an-introduction,as-chemistry-organic-introduction-revision-notes,as-chemistry-organic-introduction-practice,yes,self-check bank (from practice file),7/7,Present but not yet reviewed,not in a 10-min diagnostic
Cambridge International AS & A Level,Cambridge,9701,2025-2027,https://www.cambridgeinternational.org/Images/664563-2025-2027-syllabus.pdf,14 Hydrocarbons,14.1 Alkanes,AS,as-hydrocarbons-alkanes-and-alkenes,as-chem-hydrocarbons-revision-notes,as-chem-hydrocarbons-practice,yes,10-min diagnostic: as; self-check bank (from practice file),6/6,Present but not yet reviewed,
Cambridge International AS & A Level,Cambridge,9701,2025-2027,https://www.cambridgeinternational.org/Images/664563-2025-2027-syllabus.pdf,14 Hydrocarbons,14.2 Alkenes,AS,as-hydrocarbons-alkanes-and-alkenes,as-chem-hydrocarbons-revision-notes,as-chem-hydrocarbons-practice,yes,10-min diagnostic: as; self-check bank (from practice file),5/5,Present but not yet reviewed,
Cambridge International AS & A Level,Cambridge,9701,2025-2027,https://www.cambridgeinternational.org/Images/664563-2025-2027-syllabus.pdf,15 Halogen compounds,15.1 Halogenoalkanes,AS,as-halogenoalkanes,as-chem-halogenoalkanes-revision-notes,as-chem-halogenoalkanes-practice,yes,self-check bank (from practice file),7/7,Present but not yet reviewed,not in a 10-min diagnostic
Cambridge International AS & A Level,Cambridge,9701,2025-2027,https://www.cambridgeinternational.org/Images/664563-2025-2027-syllabus.pdf,16 Hydroxy compounds,16.1 Alcohols,AS,as-alcohols-reactions-and-oxidation,as-chem-alcohols-revision-notes,as-chem-alcohols-practice,yes,10-min diagnostic: as; self-check bank (from practice file),4/4,Present but not yet reviewed,
Cambridge International AS & A Level,Cambridge,9701,2025-2027,https://www.cambridgeinternational.org/Images/664563-2025-2027-syllabus.pdf,17 Carbonyl compounds,17.1 Aldehydes and ketones,AS,as-carbonyl-compounds-aldehydes-and-ketones,as-chem-carbonyls-revision-notes,as-chem-carbonyls-practice,yes,self-check bank (from practice file),7/7,Present but not yet reviewed,not in a 10-min diagnostic
Cambridge International AS & A Level,Cambridge,9701,2025-2027,https://www.cambridgeinternational.org/Images/664563-2025-2027-syllabus.pdf,18 Carboxylic acids and derivatives,18.1 Carboxylic acids,AS,as-carboxylic-acids-and-esters,as-chemistry-carboxylic-acids-esters-revision-notes,as-chemistry-carboxylic-acids-esters-practice,yes,self-check bank (from practice file),2/2,Present but not yet reviewed,not in a 10-min diagnostic
Cambridge International AS & A Level,Cambridge,9701,2025-2027,https://www.cambridgeinternational.org/Images/664563-2025-2027-syllabus.pdf,18 Carboxylic acids and derivatives,18.2 Esters,AS,as-carboxylic-acids-and-esters,as-chemistry-carboxylic-acids-esters-revision-notes,as-chemistry-carboxylic-acids-esters-practice,yes,self-check bank (from practice file),3/3,Present but not yet reviewed,not in a 10-min diagnostic
Cambridge International AS & A Level,Cambridge,9701,2025-2027,https://www.cambridgeinternational.org/Images/664563-2025-2027-syllabus.pdf,19 Nitrogen compounds,19.1 Primary amines,AS,as-nitrogen-compounds-amines-and-nitriles,as-chemistry-nitrogen-compounds-revision-notes,as-chemistry-nitrogen-compounds-practice,yes,self-check bank (from practice file),1/1,Present but not yet reviewed,not in a 10-min diagnostic
Cambridge International AS & A Level,Cambridge,9701,2025-2027,https://www.cambridgeinternational.org/Images/664563-2025-2027-syllabus.pdf,19 Nitrogen compounds,19.2 Nitriles and hydroxynitriles,AS,as-nitrogen-compounds-amines-and-nitriles,as-chemistry-nitrogen-compounds-revision-notes,as-chemistry-nitrogen-compounds-practice,yes,self-check bank (from practice file),4/4,Present but not yet reviewed,not in a 10-min diagnostic
Cambridge International AS & A Level,Cambridge,9701,2025-2027,https://www.cambridgeinternational.org/Images/664563-2025-2027-syllabus.pdf,20 Polymerisation,20.1 Addition polymerisation,AS,as-addition-polymerisation,as-chemistry-addition-polymerisation-revision-notes,as-chemistry-addition-polymerisation-practice,yes,self-check bank (from practice file),5/5,Present but not yet reviewed,not in a 10-min diagnostic
Cambridge International AS & A Level,Cambridge,9701,2025-2027,https://www.cambridgeinternational.org/Images/664563-2025-2027-syllabus.pdf,21 Organic synthesis,21.1 Organic synthesis,AS,as-organic-synthesis-planning-multi-step-routes,as-chem-synthesis-revision-notes,as-chem-synthesis-practice,yes,self-check bank (from practice file),3/4,Present but not yet reviewed,not in a 10-min diagnostic
Cambridge International AS & A Level,Cambridge,9701,2025-2027,https://www.cambridgeinternational.org/Images/664563-2025-2027-syllabus.pdf,22 Analytical techniques,22.1 Infrared spectroscopy,AS,as-analytical-techniques-ir-and-mass-spectrometry,as-chemistry-ir-mass-spec-revision-notes,as-chemistry-ir-mass-spec-practice,yes,self-check bank (from practice file),1/1,Present but not yet reviewed,not in a 10-min diagnostic
Cambridge International AS & A Level,Cambridge,9701,2025-2027,https://www.cambridgeinternational.org/Images/664563-2025-2027-syllabus.pdf,22 Analytical techniques,22.2 Mass spectrometry,AS,as-analytical-techniques-ir-and-mass-spectrometry,as-chemistry-ir-mass-spec-revision-notes,as-chemistry-ir-mass-spec-practice,yes,self-check bank (from practice file),6/7,Present but not yet reviewed,not in a 10-min diagnostic
Cambridge International AS & A Level,Cambridge,9701,2025-2027,https://www.cambridgeinternational.org/Images/664563-2025-2027-syllabus.pdf,23 Chemical energetics,23.1 Lattice energy and Born-Haber cycles,A Level,a-chemical-energetics-lattice-energy-entropy-and-gibbs-free-energy,a-chemistry-energetics-entropy-revision-notes,a-chemistry-energetics-entropy-practice,yes,10-min diagnostic: a-level; self-check bank (from practice file),5/5,Present but not yet reviewed,
Cambridge International AS & A Level,Cambridge,9701,2025-2027,https://www.cambridgeinternational.org/Images/664563-2025-2027-syllabus.pdf,23 Chemical energetics,23.2 Enthalpies of solution and hydration,A Level,a-chemical-energetics-lattice-energy-entropy-and-gibbs-free-energy,a-chemistry-energetics-entropy-revision-notes,a-chemistry-energetics-entropy-practice,yes,10-min diagnostic: a-level; self-check bank (from practice file),4/4,Present but not yet reviewed,
Cambridge International AS & A Level,Cambridge,9701,2025-2027,https://www.cambridgeinternational.org/Images/664563-2025-2027-syllabus.pdf,23 Chemical energetics,23.3 Entropy change,A Level,a-chemical-energetics-lattice-energy-entropy-and-gibbs-free-energy,a-chemistry-energetics-entropy-revision-notes,a-chemistry-energetics-entropy-practice,yes,10-min diagnostic: a-level; self-check bank (from practice file),1/1,Present but not yet reviewed,
Cambridge International AS & A Level,Cambridge,9701,2025-2027,https://www.cambridgeinternational.org/Images/664563-2025-2027-syllabus.pdf,23 Chemical energetics,23.4 Gibbs free energy change,A Level,a-chemical-energetics-lattice-energy-entropy-and-gibbs-free-energy,a-chemistry-energetics-entropy-revision-notes,a-chemistry-energetics-entropy-practice,yes,10-min diagnostic: a-level; self-check bank (from practice file),3/3,Present but not yet reviewed,
Cambridge International AS & A Level,Cambridge,9701,2025-2027,https://www.cambridgeinternational.org/Images/664563-2025-2027-syllabus.pdf,24 Electrochemistry,24.1 Electrolysis,A Level,a-electrochemistry-electrolysis-and-electrode-potentials,a-chemistry-electrochemistry-revision-notes,a-chemistry-electrochemistry-practice,yes,10-min diagnostic: a-level; self-check bank (from practice file),4/4,Present but not yet reviewed,
Cambridge International AS & A Level,Cambridge,9701,2025-2027,https://www.cambridgeinternational.org/Images/664563-2025-2027-syllabus.pdf,24 Electrochemistry,"24.2 Standard electrode potentials, standard cell potentials and the Nernst equation",A Level,a-electrochemistry-electrolysis-and-electrode-potentials,a-chemistry-electrochemistry-revision-notes,a-chemistry-electrochemistry-practice,yes,10-min diagnostic: a-level; self-check bank (from practice file),11/11,Present but not yet reviewed,
Cambridge International AS & A Level,Cambridge,9701,2025-2027,https://www.cambridgeinternational.org/Images/664563-2025-2027-syllabus.pdf,25 Equilibria,25.1 Acids and bases,A Level,a-acids-bases-buffers-and-partition-coefficients,a-chemistry-acids-bases-partition-revision-notes,a-equilibria-acids-buffers-practice,yes,10-min diagnostic: a-level; self-check bank (from practice file),10/10,Present but not yet reviewed,revision notes added D-347 (not yet reviewed)
Cambridge International AS & A Level,Cambridge,9701,2025-2027,https://www.cambridgeinternational.org/Images/664563-2025-2027-syllabus.pdf,25 Equilibria,25.2 Partition coefficients,A Level,a-acids-bases-buffers-and-partition-coefficients,a-chemistry-acids-bases-partition-revision-notes,a-equilibria-acids-buffers-practice,yes,10-min diagnostic: a-level; self-check bank (from practice file),3/4,Present but not yet reviewed,revision notes added D-347 (not yet reviewed)
Cambridge International AS & A Level,Cambridge,9701,2025-2027,https://www.cambridgeinternational.org/Images/664563-2025-2027-syllabus.pdf,26 Reaction kinetics,"26.1 Simple rate equations, orders of reaction and rate constants",A Level,a-reaction-kinetics-rate-equations-and-catalysis,a-chemistry-reaction-kinetics-revision-notes,a-reaction-kinetics-rate-equations-practice,yes,10-min diagnostic: a-level; self-check bank (from practice file),5/5,Present but not yet reviewed,revision notes added D-347 (not yet reviewed)
Cambridge International AS & A Level,Cambridge,9701,2025-2027,https://www.cambridgeinternational.org/Images/664563-2025-2027-syllabus.pdf,26 Reaction kinetics,26.2 Homogeneous and heterogeneous catalysts,A Level,a-reaction-kinetics-rate-equations-and-catalysis,a-chemistry-reaction-kinetics-revision-notes,a-reaction-kinetics-rate-equations-practice,yes,10-min diagnostic: a-level; self-check bank (from practice file),3/4,Present but not yet reviewed,revision notes added D-347 (not yet reviewed)
Cambridge International AS & A Level,Cambridge,9701,2025-2027,https://www.cambridgeinternational.org/Images/664563-2025-2027-syllabus.pdf,27 Group 2,"27.1 Similarities and trends in the properties of the Group 2 metals, magnesium to barium, and their compounds",A Level,a-group-2-quantitative-trends,a-chemistry-group-2-revision-notes,a-group-2-trends-practice,yes,self-check bank (from practice file),2/2,Present but not yet reviewed,not in a 10-min diagnostic; revision notes added D-347 (not yet reviewed)
Cambridge International AS & A Level,Cambridge,9701,2025-2027,https://www.cambridgeinternational.org/Images/664563-2025-2027-syllabus.pdf,28 Chemistry of transition elements,"28.1 General physical and chemical properties of the first row of transition elements, titanium to copper",A Level,a-transition-elements-properties-complexes-and-redox-chemistry,a-chemistry-transition-elements-revision-notes,a-chemistry-transition-elements-practice,yes,10-min diagnostic: a-level; self-check bank (from practice file),6/6,Present but not yet reviewed,
Cambridge International AS & A Level,Cambridge,9701,2025-2027,https://www.cambridgeinternational.org/Images/664563-2025-2027-syllabus.pdf,28 Chemistry of transition elements,"28.2 General characteristic chemical properties of the first set of transition elements, titanium to copper",A Level,a-transition-elements-properties-complexes-and-redox-chemistry,a-chemistry-transition-elements-revision-notes,a-chemistry-transition-elements-practice,yes,10-min diagnostic: a-level; self-check bank (from practice file),10/10,Present but not yet reviewed,
Cambridge International AS & A Level,Cambridge,9701,2025-2027,https://www.cambridgeinternational.org/Images/664563-2025-2027-syllabus.pdf,28 Chemistry of transition elements,28.3 Colour of complexes,A Level,a-transition-elements-colour-stereoisomerism-and-stability-constants,a-chemistry-transition-elements-colour-isomerism-kstab-revision-notes,a-transition-elements-colour-stereoisomerism-and-stability-constants-practice,yes,10-min diagnostic: a-level; self-check bank (from practice file),5/5,Present but not yet reviewed,revision notes added D-343 (not yet reviewed)
Cambridge International AS & A Level,Cambridge,9701,2025-2027,https://www.cambridgeinternational.org/Images/664563-2025-2027-syllabus.pdf,28 Chemistry of transition elements,28.4 Stereoisomerism in transition element complexes,A Level,a-transition-elements-colour-stereoisomerism-and-stability-constants,a-chemistry-transition-elements-colour-isomerism-kstab-revision-notes,a-transition-elements-colour-stereoisomerism-and-stability-constants-practice,yes,10-min diagnostic: a-level; self-check bank (from practice file),2/2,Present but not yet reviewed,revision notes added D-343 (not yet reviewed)
Cambridge International AS & A Level,Cambridge,9701,2025-2027,https://www.cambridgeinternational.org/Images/664563-2025-2027-syllabus.pdf,28 Chemistry of transition elements,"28.5 Stability constants, Kstab",A Level,a-transition-elements-colour-stereoisomerism-and-stability-constants,a-chemistry-transition-elements-colour-isomerism-kstab-revision-notes,a-transition-elements-colour-stereoisomerism-and-stability-constants-practice,yes,10-min diagnostic: a-level; self-check bank (from practice file),4/4,Present but not yet reviewed,revision notes added D-343 (not yet reviewed)
Cambridge International AS & A Level,Cambridge,9701,2025-2027,https://www.cambridgeinternational.org/Images/664563-2025-2027-syllabus.pdf,29 An introduction to A Level organic chemistry,"29.1 Formulas, functional groups and the naming of organic compounds",A Level,a-organic-chemistry-naming-mechanisms-and-aromatic-shape,a-chemistry-organic-mechanisms-revision-notes,a-chemistry-organic-mechanisms-practice,yes,self-check bank (from practice file),4/4,Present but not yet reviewed,not in a 10-min diagnostic
Cambridge International AS & A Level,Cambridge,9701,2025-2027,https://www.cambridgeinternational.org/Images/664563-2025-2027-syllabus.pdf,29 An introduction to A Level organic chemistry,29.2 Characteristic organic reactions,A Level,a-organic-chemistry-naming-mechanisms-and-aromatic-shape,a-chemistry-organic-mechanisms-revision-notes,a-chemistry-organic-mechanisms-practice,yes,self-check bank (from practice file),1/1,Present but not yet reviewed,not in a 10-min diagnostic
Cambridge International AS & A Level,Cambridge,9701,2025-2027,https://www.cambridgeinternational.org/Images/664563-2025-2027-syllabus.pdf,29 An introduction to A Level organic chemistry,29.3 Shapes of aromatic organic molecules; σ and π bonds,A Level,a-organic-chemistry-naming-mechanisms-and-aromatic-shape,a-chemistry-organic-mechanisms-revision-notes,a-chemistry-organic-mechanisms-practice,yes,self-check bank (from practice file),1/1,Present but not yet reviewed,not in a 10-min diagnostic
Cambridge International AS & A Level,Cambridge,9701,2025-2027,https://www.cambridgeinternational.org/Images/664563-2025-2027-syllabus.pdf,29 An introduction to A Level organic chemistry,29.4 Isomerism: optical,A Level,a-optical-isomerism-and-chirality,a-chemistry-optical-isomerism-revision-notes,a-optical-isomerism-and-chirality-practice,yes,self-check bank (from practice file),4/4,Present but not yet reviewed,not in a 10-min diagnostic; revision notes added D-347 (not yet reviewed)
Cambridge International AS & A Level,Cambridge,9701,2025-2027,https://www.cambridgeinternational.org/Images/664563-2025-2027-syllabus.pdf,30 Hydrocarbons,30.1 Arenes,A Level,a-arenes-and-halogenoarenes,a-chemistry-organic-mechanisms-revision-notes,a-arenes-and-halogenoarenes-practice,yes,self-check bank (from practice file),6/6,Present but not yet reviewed,not in a 10-min diagnostic
Cambridge International AS & A Level,Cambridge,9701,2025-2027,https://www.cambridgeinternational.org/Images/664563-2025-2027-syllabus.pdf,31 Halogen compounds,31.1 Halogen compounds,A Level,a-arenes-and-halogenoarenes,a-chemistry-halogen-compounds-revision-notes,a-arenes-and-halogenoarenes-practice,yes,self-check bank (from practice file),3/3,Present but not yet reviewed,not in a 10-min diagnostic; revision notes added D-347 (not yet reviewed)
Cambridge International AS & A Level,Cambridge,9701,2025-2027,https://www.cambridgeinternational.org/Images/664563-2025-2027-syllabus.pdf,32 Hydroxy compounds,32.1 Alcohols,A Level,a-phenol-reactions-and-acidity,a-chemistry-alcohols-and-phenol-revision-notes,a-phenol-reactions-and-acidity-practice,yes,self-check bank (from practice file),1/1,Present but not yet reviewed,not in a 10-min diagnostic; revision notes added D-347 (not yet reviewed)
Cambridge International AS & A Level,Cambridge,9701,2025-2027,https://www.cambridgeinternational.org/Images/664563-2025-2027-syllabus.pdf,32 Hydroxy compounds,32.2 Phenol,A Level,a-phenol-reactions-and-acidity,a-chemistry-alcohols-and-phenol-revision-notes,a-phenol-reactions-and-acidity-practice,yes,self-check bank (from practice file),7/7,Present but not yet reviewed,not in a 10-min diagnostic; revision notes added D-347 (not yet reviewed)
Cambridge International AS & A Level,Cambridge,9701,2025-2027,https://www.cambridgeinternational.org/Images/664563-2025-2027-syllabus.pdf,33 Carboxylic acids and derivatives,33.1 Carboxylic acids,A Level,a-carboxylic-acids-and-acyl-chlorides,a-chemistry-carboxylic-acids-acyl-revision-notes,a-chemistry-carboxylic-acids-acyl-practice,yes,self-check bank (from practice file),5/5,Present but not yet reviewed,not in a 10-min diagnostic
Cambridge International AS & A Level,Cambridge,9701,2025-2027,https://www.cambridgeinternational.org/Images/664563-2025-2027-syllabus.pdf,33 Carboxylic acids and derivatives,33.2 Esters,A Level,a-carboxylic-acids-and-acyl-chlorides,a-chemistry-carboxylic-acids-acyl-revision-notes,a-chemistry-carboxylic-acids-acyl-practice,yes,self-check bank (from practice file),1/1,Present but not yet reviewed,not in a 10-min diagnostic
Cambridge International AS & A Level,Cambridge,9701,2025-2027,https://www.cambridgeinternational.org/Images/664563-2025-2027-syllabus.pdf,33 Carboxylic acids and derivatives,33.3 Acyl chlorides,A Level,a-carboxylic-acids-and-acyl-chlorides,a-chemistry-carboxylic-acids-acyl-revision-notes,a-chemistry-carboxylic-acids-acyl-practice,yes,self-check bank (from practice file),3/4,Present but not yet reviewed,not in a 10-min diagnostic
Cambridge International AS & A Level,Cambridge,9701,2025-2027,https://www.cambridgeinternational.org/Images/664563-2025-2027-syllabus.pdf,34 Nitrogen compounds,34.1 Primary and secondary amines,A Level,a-amines-aliphatic-and-aromatic,a-chemistry-amines-revision-notes,a-chemistry-amines-practice,yes,self-check bank (from practice file),3/3,Present but not yet reviewed,not in a 10-min diagnostic
Cambridge International AS & A Level,Cambridge,9701,2025-2027,https://www.cambridgeinternational.org/Images/664563-2025-2027-syllabus.pdf,34 Nitrogen compounds,34.2 Phenylamine and azo compounds,A Level,a-amines-aliphatic-and-aromatic,a-chemistry-amines-revision-notes,a-chemistry-amines-practice,yes,self-check bank (from practice file),4/4,Present but not yet reviewed,not in a 10-min diagnostic
Cambridge International AS & A Level,Cambridge,9701,2025-2027,https://www.cambridgeinternational.org/Images/664563-2025-2027-syllabus.pdf,34 Nitrogen compounds,34.3 Amides,A Level,a-amides-and-amino-acids,a-chemistry-amides-amino-acids-revision-notes,a-chemistry-amides-amino-acids-practice,yes,self-check bank (from practice file),3/3,Present but not yet reviewed,not in a 10-min diagnostic
Cambridge International AS & A Level,Cambridge,9701,2025-2027,https://www.cambridgeinternational.org/Images/664563-2025-2027-syllabus.pdf,34 Nitrogen compounds,34.4 Amino acids,A Level,a-amides-and-amino-acids,a-chemistry-amides-amino-acids-revision-notes,a-chemistry-amides-amino-acids-practice,yes,self-check bank (from practice file),4/4,Present but not yet reviewed,not in a 10-min diagnostic
Cambridge International AS & A Level,Cambridge,9701,2025-2027,https://www.cambridgeinternational.org/Images/664563-2025-2027-syllabus.pdf,35 Polymerisation,35.1 Condensation polymerisation,A Level,a-condensation-polymerisation-and-polymer-degradability,a-chemistry-condensation-polymerisation-revision-notes,a-chemistry-condensation-polymerisation-practice,yes,self-check bank (from practice file),4/4,Present but not yet reviewed,not in a 10-min diagnostic
Cambridge International AS & A Level,Cambridge,9701,2025-2027,https://www.cambridgeinternational.org/Images/664563-2025-2027-syllabus.pdf,35 Polymerisation,35.2 Predicting the type of polymerisation,A Level,a-condensation-polymerisation-and-polymer-degradability,a-chemistry-condensation-polymerisation-revision-notes,a-chemistry-condensation-polymerisation-practice,yes,self-check bank (from practice file),2/2,Present but not yet reviewed,not in a 10-min diagnostic
Cambridge International AS & A Level,Cambridge,9701,2025-2027,https://www.cambridgeinternational.org/Images/664563-2025-2027-syllabus.pdf,35 Polymerisation,35.3 Degradable polymers,A Level,a-condensation-polymerisation-and-polymer-degradability,a-chemistry-condensation-polymerisation-revision-notes,a-chemistry-condensation-polymerisation-practice,yes,self-check bank (from practice file),3/4,Present but not yet reviewed,not in a 10-min diagnostic
Cambridge International AS & A Level,Cambridge,9701,2025-2027,https://www.cambridgeinternational.org/Images/664563-2025-2027-syllabus.pdf,36 Organic synthesis,36.1 Organic synthesis,A Level,a-organic-synthesis-multi-step-routes-with-aromatic-chemistry,a-chemistry-synthesis-routes-revision-notes,a-chemistry-synthesis-routes-practice,yes,self-check bank (from practice file),3/4,Present but not yet reviewed,not in a 10-min diagnostic
Cambridge International AS & A Level,Cambridge,9701,2025-2027,https://www.cambridgeinternational.org/Images/664563-2025-2027-syllabus.pdf,37 Analytical techniques,37.1 Thin-layer chromatography,A Level,a-chromatography-tlc-and-glc,a-chemistry-chromatography-revision-notes,a-chemistry-chromatography-practice,yes,10-min diagnostic: a-level; self-check bank (from practice file),3/3,Present but not yet reviewed,
Cambridge International AS & A Level,Cambridge,9701,2025-2027,https://www.cambridgeinternational.org/Images/664563-2025-2027-syllabus.pdf,37 Analytical techniques,37.2 Gas/liquid chromatography,A Level,a-chromatography-tlc-and-glc,a-chemistry-chromatography-revision-notes,a-chemistry-chromatography-practice,yes,10-min diagnostic: a-level; self-check bank (from practice file),3/3,Present but not yet reviewed,
Cambridge International AS & A Level,Cambridge,9701,2025-2027,https://www.cambridgeinternational.org/Images/664563-2025-2027-syllabus.pdf,37 Analytical techniques,37.3 Carbon-13 NMR spectroscopy,A Level,a-nmr-spectroscopy-carbon-13-and-proton-nmr,a-chemistry-nmr-revision-notes,a-chemistry-nmr-practice,yes,10-min diagnostic: a-level; self-check bank (from practice file),2/2,Present but not yet reviewed,
Cambridge International AS & A Level,Cambridge,9701,2025-2027,https://www.cambridgeinternational.org/Images/664563-2025-2027-syllabus.pdf,37 Analytical techniques,37.4 Proton (1H) NMR spectroscopy,A Level,a-nmr-spectroscopy-carbon-13-and-proton-nmr,a-chemistry-nmr-revision-notes,a-chemistry-nmr-practice,yes,10-min diagnostic: a-level; self-check bank (from practice file),13/19,Present but not yet reviewed,
